Sample Name,ARI,Boron,CRI,Conductivity,Copper,Ferrous,LAI,Manganese,Nitrogen,Organic Carbon,Phosphorus,Potassium,RBI,Sulphur,TII,Zinc,pH,FAI,MRI,HCI,C/N Ratio,Col410,Col435,Col460,Col485,Col510,Col535,Col560,Col585,Col610,Col645,Col680,Col705,Col730,Col760,Col810,Col860,Col900,Col940,Cap. Moist.,Temp,Moist,EC,Ph,Nitro,Posh,Pota
1 A,1.73,0.76,0.21,584.0,0.66,4.55,3.37,7.0,211.59,0.56,39.89,204.04,3.28,44.15,0.44,1.36,7.88,27.45,13.79,0.13,26.59,1166.675,377.56,1137.205,381.51,756.765,447.55,59.985,53.69,238.645,48.39,181.04,54.57,71.41,55.485,983.34,344.895,59.815,16.65,233.0,33.9,100.0,584.0,8.07,34.0,47.0,118.5
1 B,1.44,0.76,0.22,624.5,0.66,4.62,2.18,7.18,212.09,0.44,45.0,205.7,2.78,43.52,0.36,1.33,7.87,20.94,10.52,0.11,20.79,2469.275,371.145,836.96,124.64,609.03,621.785,62.805,56.82,277.715,57.0,211.21,47.23,77.57,59.72,948.39,294.465,50.64,17.14,230.0,33.7,100.0,627.0,8.07,37.0,50.0,125.5
1 C,2.0,0.76,0.26,392.0,0.62,4.82,1.64,6.99,189.16,0.54,64.17,206.2,3.88,41.28,0.5,1.36,7.88,13.1,6.58,0.16,28.68,1571.395,317.845,666.655,95.6,341.45,376.145,61.525,77.77,210.99,67.045,186.24,49.02,62.79,52.095,757.38,311.275,56.02,15.67,230.0,34.3,100.0,392.0,8.045,25.0,34.0,86.0
10 A,10.25,0.76,0.23,427.5,0.61,5.27,1.24,6.88,197.68,0.56,37.31,213.04,21.83,33.91,2.77,1.4,8.02,28.29,14.21,0.79,28.32,3912.685,537.745,933.09,148.085,398.6,303.435,34.74,39.41,289.72,95.45,213.32,14.635,36.015,31.7,130.45,395.735,51.125,11.7,240.0,35.2,95.4,427.5,8.02,27.0,37.0,92.0
10 B,10.0,0.76,0.2,397.0,0.63,5.22,1.5,6.16,189.61,0.53,50.84,231.62,19.37,33.91,2.53,1.37,7.88,23.35,11.73,0.78,28.18,2934.295,506.435,1967.39,211.15,664.86,607.955,42.02,46.65,427.52,111.435,256.085,18.14,43.54,34.58,157.625,443.98,86.385,13.65,233.0,35.2,91.75,397.0,8.02,25.0,34.0,87.0
10 C,6.76,0.76,0.34,550.5,0.63,5.08,0.8,6.37,195.1,0.53,45.0,209.17,14.16,40.65,1.75,1.33,7.92,17.47,8.78,0.53,27.39,1971.445,373.245,963.36,171.91,453.58,369.125,58.27,67.555,518.795,147.23,363.255,22.465,54.62,45.28,176.435,527.465,74.75,13.65,233.0,35.3,87.9,550.5,7.92,33.0,45.0,112.5
100 A,2.71,0.77,0.49,18013.5,0.63,6.01,1.59,7.66,203.16,0.61,63.96,188.99,4.77,41.02,0.68,1.36,7.87,6.58,3.3,0.21,30.27,1188.85,221.0,610.845,89.435,330.26,421.645,91.62,81.315,232.585,84.67,297.12,51.54,134.05,140.35,362.045,186.865,72.6,33.055,221.5,35.8,100.0,18303.0,8.07,920.5,1270.0,1999.0
100 B,3.4,0.77,0.29,20000.0,0.64,5.17,2.12,7.56,208.87,0.54,44.93,192.01,6.66,40.83,0.88,1.36,7.92,14.54,7.31,0.26,26.08,1136.405,302.62,866.205,89.015,390.55,608.845,96.4,74.44,227.39,85.9,296.095,46.235,149.165,147.65,367.315,183.525,51.9,31.11,215.5,36.0,100.0,20000.0,7.92,1005.0,1387.0,1999.0
100 C,3.52,0.76,0.37,390.5,0.63,5.09,1.72,7.11,198.52,0.57,45.0,209.17,6.83,40.65,0.89,1.33,7.88,13.09,6.58,0.28,28.56,2059.0,322.195,963.94,119.94,498.62,507.08,114.775,112.025,289.715,124.95,356.75,61.58,148.37,148.46,417.34,236.365,69.315,34.51,218.5,36.1,100.0,392.0,7.97,25.0,34.0,86.0
101 A,2.47,0.77,0.41,387.0,0.68,5.21,1.58,5.44,202.87,0.55,48.83,193.7,5.36,38.27,0.68,1.35,8.07,11.02,5.54,0.19,27.0,1576.12,197.61,661.63,81.075,368.94,344.19,76.265,67.07,230.275,87.755,319.225,48.13,155.53,159.41,398.47,200.21,53.87,33.05,217.0,36.3,100.0,388.5,8.07,25.0,34.0,85.0
101 B,3.6,0.76,0.32,822.5,0.64,4.82,1.81,6.92,198.52,0.52,45.0,209.07,6.79,41.17,0.91,1.33,7.87,13.3,6.68,0.28,26.43,2003.73,332.695,1079.4,105.735,453.495,523.755,129.625,113.745,259.13,99.47,318.71,63.855,161.89,165.9,394.52,234.695,62.09,36.455,214.0,36.3,100.0,822.5,7.97,46.0,64.0,159.0
101 C,2.61,0.76,0.42,227.5,0.63,5.44,1.5,7.11,193.98,0.55,45.0,209.17,5.44,40.65,0.71,1.33,8.02,9.1,4.57,0.2,28.23,1454.695,251.55,818.295,99.465,403.445,457.07,133.905,98.02,283.37,117.55,345.44,74.09,175.02,178.88,429.625,244.7,68.985,41.8,237.0,36.3,100.0,228.5,8.02,17.0,23.0,58.0
102 A,0.26,0.77,0.27,268.5,0.73,4.94,1.83,5.86,220.86,0.68,66.0,189.37,0.58,39.14,0.07,1.35,8.07,9.65,4.85,0.02,30.62,1582.285,283.79,653.05,83.09,357.38,279.8,48.71,55.86,174.325,52.49,148.26,57.945,58.28,46.59,4695.74,300.84,71.845,23.51,240.0,37.6,100.0,268.5,8.07,19.0,26.0,65.0
102 B,3.35,0.76,0.35,422.5,0.63,5.09,1.65,7.11,193.98,0.55,45.0,209.17,6.1,40.65,0.86,1.33,7.92,10.52,5.29,0.26,28.23,2489.84,336.515,976.395,95.285,458.805,533.13,95.65,87.46,293.755,84.67,331.045,85.08,191.33,189.83,409.445,251.375,66.36,44.72,217.0,36.4,100.0,422.5,7.92,26.0,36.0,91.0
102 C,0.22,0.76,0.25,331.5,0.67,2.7,0.94,4.3,193.17,0.45,39.9,301.66,0.47,38.33,0.06,1.36,7.87,10.83,5.44,0.02,23.15,1147.505,274.41,418.48,99.175,250.56,188.585,51.015,54.175,235.04,57.41,176.88,39.885,63.61,51.245,4820.165,260.265,61.4,20.57,229.5,37.3,100.0,331.5,7.975,22.0,30.0,76.0
103 A,3.45,0.76,0.28,411.5,0.63,4.83,1.64,6.96,193.52,0.55,45.0,204.97,3.45,40.89,0.47,1.36,6.8,16.77,8.43,0.35,28.24,1692.07,399.28,895.13,117.49,410.605,370.335,80.755,85.72,236.24,68.48,181.04,88.505,67.72,54.21,709.105,355.91,72.48,16.65,238.0,36.0,100.0,411.5,7.515,26.0,35.0,89.0
103 B,1.87,0.76,0.47,327.0,0.66,3.31,0.87,4.31,185.72,0.65,43.67,301.69,3.75,44.13,0.47,1.32,7.88,6.06,3.04,0.15,35.12,1646.715,219.57,408.19,94.45,240.78,354.96,142.97,130.945,336.465,112.005,357.265,89.44,219.57,229.18,447.185,293.09,68.66,52.01,224.0,35.4,100.0,328.5,8.02,22.0,30.0,75.0
103 C,0.46,0.76,0.17,14843.0,0.66,4.69,1.08,6.64,207.71,0.54,46.15,228.36,0.47,37.87,0.06,1.38,6.73,22.76,11.43,0.04,26.08,1636.74,382.495,585.49,109.895,319.36,270.92,43.325,41.17,275.915,47.775,215.89,36.71,68.13,54.635,5245.46,355.91,70.26,18.61,211.0,36.2,89.7,14843.0,6.73,747.0,1031.0,1999.0
104 A,10.88,0.76,0.22,361.0,0.62,5.27,1.46,6.14,198.31,0.55,36.75,236.74,20.8,34.11,2.74,1.39,7.87,25.82,12.98,0.85,27.57,2170.4,359.825,1607.49,151.36,560.4,500.52,36.7,40.48,346.25,86.45,221.045,14.635,36.41,30.875,114.14,335.56,57.83,11.7,240.0,37.1,92.7,361.0,7.88,23.0,32.0,80.5
104 B,0.92,0.77,0.29,8126.5,0.7,1.56,1.78,6.25,199.47,0.62,66.0,189.91,0.97,41.7,0.12,2.11,6.75,17.47,8.78,0.09,31.1,1023.345,269.475,509.96,74.6,283.875,226.505,47.935,83.55,142.47,52.08,133.18,55.765,52.94,44.9,2257.565,159.99,52.855,20.57,237.0,36.3,79.6,8431.0,6.75,427.0,588.5,1452.5
104 C,8.67,0.76,0.26,744.5,0.63,5.08,1.06,6.37,195.28,0.53,42.15,209.17,18.08,34.1,2.32,1.32,7.99,20.6,10.35,0.67,27.36,3226.04,458.725,984.165,166.77,409.99,323.76,53.23,63.0,359.21,128.995,264.325,20.815,39.18,32.11,142.15,435.31,62.76,13.65,232.5,37.2,82.65,744.5,7.995,42.5,58.0,146.0
105 A,0.37,0.77,0.35,200.0,0.67,4.8,1.85,8.06,221.45,0.64,63.96,195.86,0.76,34.98,0.09,1.37,7.88,11.01,5.53,0.03,28.83,1433.73,184.585,653.52,107.215,387.795,330.705,46.14,52.25,180.935,55.77,144.62,46.635,58.28,47.015,3053.645,194.185,58.23,22.04,295.5,37.1,100.0,200.0,7.92,15.0,21.0,53.0
105 B,0.27,0.77,0.26,200.0,0.62,5.17,1.64,7.49,189.35,0.48,64.17,206.37,0.57,34.43,0.07,1.36,7.92,13.08,6.57,0.02,25.41,1236.38,355.845,685.89,98.725,412.415,294.835,54.605,62.6,205.585,62.74,167.51,50.21,64.43,51.245,5301.225,301.42,62.03,21.55,256.0,37.3,100.0,200.0,7.975,15.0,21.0,53.0
105 C,0.26,0.77,0.28,200.0,0.5,3.87,1.3,5.3,199.75,0.58,66.81,259.04,0.55,44.89,0.07,1.42,7.89,8.82,4.43,0.02,28.94,914.0,497.985,873.55,81.305,640.535,391.18,42.815,56.82,165.31,62.33,163.35,37.105,57.87,45.32,3703.245,234.76,73.43,32.81,286.0,37.5,100.0,200.0,7.895,15.0,21.0,53.0
106 A,8.55,0.76,0.27,200.0,0.63,5.22,0.97,6.31,188.44,0.53,43.05,232.35,18.27,33.91,2.34,1.37,8.04,19.68,9.89,0.65,28.36,1579.145,407.54,1209.755,206.48,543.905,361.865,43.42,54.155,437.525,116.385,207.645,17.72,40.37,31.285,141.32,466.21,73.34,13.65,264.0,36.9,96.3,200.0,8.045,15.0,21.0,53.0
106 B,0.3,0.77,0.28,200.0,0.63,5.17,1.57,7.34,189.02,0.53,62.26,204.97,0.67,41.08,0.08,1.36,8.07,10.4,5.22,0.02,28.21,1476.42,342.025,706.535,96.94,393.95,292.445,57.425,65.01,220.01,70.53,170.63,61.12,63.2,49.13,4758.16,275.915,77.225,24.48,266.0,37.6,100.0,200.0,8.07,15.0,21.0,53.0
106 C,2.53,0.76,0.35,183.0,0.62,5.23,1.42,7.05,198.78,0.59,42.15,205.52,5.52,34.37,0.7,1.36,8.07,13.59,6.83,0.19,29.67,1387.325,182.815,614.68,81.91,314.335,395.94,55.375,50.61,244.705,67.815,295.575,30.13,86.715,84.37,343.175,209.665,41.39,28.195,302.0,36.3,100.0,187.0,8.07,15.0,20.0,51.0
11 A,3.15,0.76,0.4,390.5,0.63,5.22,1.47,6.72,197.68,0.52,45.0,248.87,5.95,40.79,0.8,1.33,7.88,11.95,6.01,0.25,26.54,1099.695,198.565,779.965,94.45,321.54,504.65,88.6,83.775,271.25,75.425,267.3,53.06,191.73,197.545,337.47,238.03,37.45,38.89,231.0,34.6,57.6,391.0,8.07,25.0,34.0,86.0
11 B,2.33,0.77,0.41,332.5,0.78,3.4,1.21,4.53,188.62,0.52,43.27,298.0,4.81,43.24,0.62,1.32,7.99,7.96,4.0,0.18,27.81,1435.735,225.775,658.755,89.015,345.05,400.8,97.91,111.29,247.01,88.575,280.67,63.1,181.385,186.995,348.88,226.35,49.93,36.94,229.0,34.7,52.3,343.5,7.995,22.0,31.0,77.5
11 C,2.84,0.76,0.35,329.5,0.68,2.8,1.42,7.0,194.35,0.55,45.0,219.91,5.75,42.75,0.77,1.34,8.02,11.33,5.69,0.22,28.12,986.74,228.16,479.095,98.625,302.96,457.07,85.33,124.065,259.71,73.165,265.25,51.73,177.01,181.72,330.45,213.005,41.39,35.0,236.0,34.8,98.6,330.5,8.02,22.0,30.0,75.0
12 A,0.25,0.76,0.25,399.5,0.63,4.82,1.47,6.92,193.98,0.52,45.0,209.17,0.51,41.2,0.06,1.33,7.87,10.21,5.13,0.02,26.55,1650.685,382.495,573.765,115.255,448.265,303.035,63.32,71.265,257.28,66.43,193.52,76.8,80.85,60.145,7206.32,249.835,98.11,28.89,233.0,35.0,100.0,400.5,8.07,25.0,35.0,87.0
12 B,0.21,0.77,0.28,306.5,0.7,4.91,1.41,7.73,201.74,0.49,64.17,208.73,0.43,42.24,0.05,1.36,7.88,8.22,4.13,0.02,24.32,1457.69,281.32,530.6,95.6,338.91,247.005,64.6,84.75,208.585,62.74,161.79,84.94,65.67,52.095,6156.395,264.9,93.995,24.97,238.0,35.1,100.0,307.5,8.045,21.0,28.0,71.5
12 C,0.21,0.76,0.27,357.5,0.63,5.08,1.43,7.11,193.98,0.56,45.0,209.17,0.47,40.83,0.06,1.33,8.07,12.5,6.28,0.02,28.95,984.135,317.35,653.05,118.385,470.35,343.01,64.09,65.97,285.53,66.02,211.21,54.37,80.44,60.99,7204.235,304.9,72.475,22.53,229.0,35.2,100.0,360.5,8.07,23.0,32.0,80.5
13 A,10.99,0.76,0.21,752.0,0.63,5.08,1.36,6.37,195.1,0.53,45.0,209.17,21.15,40.65,2.79,1.32,7.88,26.11,13.12,0.86,27.39,3982.17,502.46,1413.585,177.515,510.53,449.34,57.43,61.125,345.075,112.335,267.415,18.755,45.515,39.105,133.375,418.5,60.65,13.165,235.0,35.4,88.0,753.5,8.045,43.0,59.0,147.5
13 B,8.03,0.76,0.31,878.5,0.63,5.08,0.81,6.3,195.28,0.53,42.15,209.17,16.35,32.92,2.02,1.32,7.87,18.64,9.36,0.63,27.36,1949.005,347.9,760.47,164.9,322.415,233.745,56.59,61.39,360.385,124.495,226.71,18.96,31.265,28.815,117.065,332.305,61.705,13.65,233.0,35.4,86.1,878.5,7.88,49.0,68.0,168.5
13 C,10.55,0.76,0.24,664.5,0.62,5.09,1.37,7.11,193.98,0.57,45.0,209.17,22.23,40.65,2.85,1.32,8.02,24.74,12.43,0.81,29.16,2756.485,504.945,2282.835,166.77,470.86,544.8,59.11,63.54,295.025,129.67,231.35,16.9,36.015,31.7,137.555,446.69,57.83,11.7,237.0,35.4,84.9,665.5,8.02,39.0,53.0,132.5
14 A,0.39,0.77,0.26,892.0,0.73,4.97,2.01,6.6,208.61,0.52,65.93,192.61,0.84,43.06,0.1,1.36,7.97,11.62,5.84,0.03,25.09,1602.33,291.685,633.35,83.985,387.43,276.385,46.4,55.14,165.31,61.305,142.02,46.83,61.56,49.13,3414.855,208.68,71.21,23.51,226.0,35.3,100.0,892.0,7.97,50.0,69.0,171.0
14 B,0.38,0.77,0.28,699.5,0.62,5.19,1.89,7.47,205.96,0.57,64.17,204.57,0.78,33.0,0.1,1.36,7.87,10.1,5.07,0.03,27.64,1487.75,294.15,630.065,92.92,388.885,288.345,53.32,68.14,179.135,68.89,144.62,54.57,63.2,51.245,3659.965,212.155,87.035,26.44,226.0,35.3,100.0,702.0,7.88,40.0,55.0,138.0
14 C,0.32,0.77,0.27,1041.0,0.62,5.18,1.88,7.66,199.88,0.56,64.21,201.88,0.7,29.28,0.09,1.35,7.97,10.04,5.05,0.02,28.21,1683.355,286.75,658.21,87.56,382.0,327.975,52.04,60.675,186.345,68.07,157.11,47.235,65.67,51.245,4087.76,227.805,87.035,23.505,222.0,35.4,100.0,1050.0,7.975,58.0,79.0,198.0
15 A,2.22,0.76,0.46,325.0,0.67,3.18,1.19,6.15,182.54,0.55,47.32,246.81,4.1,45.74,0.56,1.32,7.87,6.81,3.42,0.17,29.92,1308.66,185.205,492.51,85.675,247.98,504.3,84.57,73.21,305.3,76.245,317.165,83.375,207.24,213.765,380.475,281.41,49.605,41.8,232.0,34.7,100.0,327.5,7.975,22.0,30.0,75.0
15 B,2.52,0.76,0.48,361.0,0.65,2.78,1.19,7.28,194.3,0.57,49.09,242.99,4.61,35.84,0.64,1.31,7.87,5.99,3.01,0.2,29.18,883.065,206.205,524.13,103.645,293.48,391.08,141.205,189.91,281.065,93.505,289.92,80.34,185.36,189.02,344.495,221.9,71.285,46.66,235.0,34.75,100.0,362.5,7.975,23.0,32.0,81.0
15 C,1.78,0.77,0.44,214.0,0.78,3.49,1.09,4.45,181.71,0.51,44.61,300.84,3.77,47.96,0.49,1.31,8.07,5.99,3.01,0.14,27.96,1372.4,193.79,313.81,81.075,214.995,381.355,96.905,95.57,293.185,77.68,293.525,75.605,189.34,192.27,385.74,251.935,53.875,35.97,235.0,34.7,56.7,264.0,8.07,18.0,25.0,64.0
16 A,6.93,0.76,0.3,397.5,0.62,5.22,0.83,6.3,189.67,0.55,44.21,232.35,14.11,33.91,1.75,1.37,7.87,17.56,8.82,0.54,29.13,1863.12,331.495,764.73,144.82,353.44,273.67,44.825,55.23,389.83,113.91,244.23,18.545,39.18,33.755,142.99,475.42,63.47,12.19,241.5,35.5,95.2,398.5,8.07,25.0,35.0,87.0
16 B,6.36,0.76,0.32,690.5,0.63,5.08,0.93,6.37,195.1,0.53,45.0,209.17,14.22,40.65,1.76,1.33,8.07,15.15,7.61,0.48,27.39,2390.075,376.72,878.23,139.675,423.735,312.505,56.87,63.0,387.475,128.545,309.665,20.405,49.87,40.34,150.935,504.695,74.045,13.65,234.0,35.6,84.05,690.5,8.07,40.0,55.0,136.5
16 C,6.77,0.76,0.34,404.0,0.63,5.09,1.13,7.05,194.17,0.55,42.15,209.17,15.12,32.92,1.83,1.32,8.02,16.11,8.1,0.52,28.2,1792.77,342.43,992.205,152.755,370.72,334.645,55.19,65.685,322.11,139.57,210.225,19.37,34.83,31.285,137.555,475.965,68.05,12.68,241.0,35.5,88.1,407.0,8.02,26.0,35.0,88.0
17 A,0.23,0.76,0.27,326.0,0.64,4.82,1.49,6.92,193.98,0.51,45.0,209.17,0.49,41.03,0.06,1.33,7.92,13.39,6.73,0.02,26.19,1029.88,351.9,626.78,119.72,442.11,323.53,71.525,79.215,257.88,73.195,178.96,58.54,73.87,55.06,6913.355,255.63,63.3,22.04,238.0,35.5,100.0,328.5,7.92,22.0,30.0,75.0
17 B,0.31,0.76,0.27,352.0,0.64,4.82,1.88,6.72,193.98,0.55,45.0,209.17,0.63,41.03,0.08,1.33,7.92,8.61,4.33,0.02,28.14,1100.02,421.98,1100.615,132.23,603.6,429.1,85.88,90.05,275.915,75.86,294.45,87.115,78.8,62.26,6681.98,401.125,142.105,31.34,230.0,35.6,100.0,353.5,8.07,23.0,31.0,79.0
17 C,0.23,0.76,0.28,328.0,0.65,4.55,1.67,6.97,207.12,0.44,46.51,199.05,0.47,43.09,0.06,1.36,7.92,10.97,5.51,0.02,21.18,1144.46,341.04,817.255,138.935,488.095,353.255,63.06,67.18,225.42,57.82,195.605,67.67,68.95,54.21,6676.155,343.16,85.77,24.48,235.0,35.7,100.0,328.0,7.92,22.0,30.0,75.0
18 A,2.67,0.77,0.36,282.5,0.66,5.0,1.22,7.03,211.25,0.39,45.03,241.2,4.96,40.65,0.68,1.32,7.88,10.56,5.31,0.21,18.67,1055.315,190.93,604.14,87.76,322.3,343.145,72.49,66.825,270.675,57.13,297.12,55.14,190.135,191.86,365.12,247.485,45.99,37.425,234.0,35.0,48.1,284.5,8.045,19.5,27.0,67.5
18 B,1.94,0.77,0.42,320.0,0.8,3.41,1.05,4.42,183.62,0.55,44.61,258.19,3.76,37.54,0.49,2.1,7.88,7.32,3.68,0.15,30.15,793.505,203.34,523.17,89.015,295.0,343.145,92.375,96.55,249.32,66.175,280.67,62.53,181.78,185.37,354.15,215.225,42.705,35.0,238.0,35.0,59.6,321.5,7.895,21.0,29.0,74.0
18 C,4.02,0.76,0.38,704.0,0.63,5.08,1.38,6.37,195.1,0.65,45.0,209.17,7.29,40.65,1.01,1.33,7.87,12.02,6.04,0.31,33.44,2743.985,268.735,856.14,120.365,444.395,457.07,131.89,139.295,337.045,98.44,340.3,76.36,224.34,236.89,396.275,320.34,56.5,47.63,215.0,35.3,86.35,718.5,7.975,41.0,56.5,141.5
19 A,0.39,0.76,0.32,354.5,0.63,4.82,1.32,6.99,193.98,0.52,45.0,207.85,0.78,41.34,0.1,1.33,7.88,8.73,4.39,0.03,26.55,978.04,344.0,641.79,114.365,375.125,292.105,68.19,73.68,261.49,64.995,196.125,92.475,74.28,56.755,5893.81,321.13,79.12,20.57,239.0,36.2,100.0,360.0,8.07,23.0,32.0,80.0
19 B,0.24,0.76,0.33,267.0,0.69,4.82,1.09,6.83,189.95,0.51,45.0,212.61,0.52,41.38,0.06,1.33,7.95,10.11,5.08,0.02,26.75,1078.24,314.88,528.26,125.085,337.105,247.005,72.8,82.105,271.105,79.14,202.37,68.07,73.87,56.75,6498.465,295.05,66.46,21.55,245.0,36.2,100.0,268.0,7.945,19.0,26.0,65.0
19 C,0.25,0.76,0.25,277.0,0.63,4.83,1.5,6.96,193.52,0.55,45.03,204.97,0.56,40.92,0.07,1.36,8.04,10.07,5.06,0.02,28.2,1750.445,357.325,810.685,96.045,440.66,333.44,58.445,68.38,233.235,64.38,174.8,60.725,71.82,55.06,5655.775,266.645,83.24,26.93,241.0,36.2,100.0,278.0,8.045,19.0,26.0,66.0
2 A,8.25,0.76,0.31,346.0,0.63,5.08,1.28,6.37,194.26,0.65,41.05,209.17,16.53,34.1,2.09,1.32,7.88,20.72,10.41,0.64,33.58,1725.015,323.045,1073.08,152.29,495.21,380.015,49.31,55.76,324.47,117.51,276.695,17.52,47.495,40.345,136.72,419.585,63.47,12.68,249.0,34.9,35.55,346.0,7.97,23.0,31.0,78.0
2 B,10.95,0.76,0.29,352.5,0.63,5.08,1.13,6.3,198.52,0.66,45.0,209.17,21.32,39.54,2.76,1.32,7.87,23.36,11.74,0.86,33.2,1727.605,365.29,937.82,176.115,412.74,287.825,59.11,65.41,313.865,120.21,183.43,18.14,31.66,27.17,97.0,235.815,51.48,13.65,248.0,35.0,82.1,352.5,8.02,23.0,31.0,79.0
2 C,6.83,0.76,0.34,400.5,0.63,5.08,0.83,6.37,195.1,0.53,45.0,209.17,14.58,40.65,1.81,1.32,7.97,16.34,8.21,0.53,27.39,2081.065,348.89,817.22,168.17,383.68,281.29,63.035,75.065,369.81,138.445,237.535,23.495,36.805,33.345,142.99,440.73,67.7,13.65,244.0,35.0,89.9,400.5,7.97,25.0,35.0,87.0
20 A,9.59,0.76,0.35,426.0,0.63,5.08,1.25,6.37,195.1,0.53,45.0,209.17,19.0,40.65,2.45,1.32,7.89,19.97,10.04,0.75,27.39,1809.175,357.34,991.735,182.185,551.765,440.63,72.56,80.425,397.485,149.48,223.105,24.525,37.205,31.695,126.685,413.08,69.81,14.63,244.0,36.3,87.5,427.0,7.97,27.0,36.5,92.0
20 B,6.71,0.76,0.36,360.0,0.63,5.08,0.89,6.37,195.1,0.53,45.0,209.17,14.06,40.65,1.7,1.32,7.88,15.52,7.8,0.52,27.39,2953.285,457.73,857.42,173.31,381.715,305.97,61.355,72.12,402.2,149.03,268.96,21.025,39.185,34.17,151.77,527.46,76.16,14.14,243.0,36.3,94.8,360.0,8.07,23.0,32.0,80.0
20 C,8.02,0.76,0.31,367.5,0.63,5.08,1.05,6.37,195.1,0.53,45.0,209.17,17.4,40.65,2.22,1.32,8.07,20.43,10.27,0.61,27.39,2129.4,372.745,973.765,177.985,609.88,504.145,61.355,67.29,497.005,133.495,341.1,21.435,46.305,39.93,160.97,479.215,69.11,13.165,241.0,36.3,95.8,367.5,8.07,24.0,32.0,82.0
21 A,3.01,0.76,0.42,225.0,0.71,3.18,1.2,5.16,197.77,0.58,46.93,245.11,3.0,45.56,0.41,2.1,7.88,11.31,3.05,0.34,29.28,1322.78,174.705,754.095,73.55,332.16,330.295,78.53,61.175,274.135,64.12,276.045,53.625,215.195,220.255,338.35,233.585,37.78,40.345,247.0,35.5,55.4,225.5,8.02,17.0,23.0,57.5
21 B,2.45,0.76,0.47,263.5,0.65,3.32,1.13,4.39,183.25,0.55,43.88,301.69,4.75,44.13,0.63,1.32,7.92,6.99,3.51,0.19,29.81,1493.825,219.57,426.87,99.885,288.93,408.445,129.625,170.005,302.415,96.59,327.965,87.355,197.69,205.655,375.215,277.515,62.09,43.75,249.5,35.5,100.0,268.5,7.92,19.0,26.0,65.0
21 C,2.95,0.76,0.43,283.5,0.63,5.08,1.46,6.37,193.98,0.66,45.0,209.17,6.08,40.65,0.8,1.33,8.02,11.01,5.53,0.23,33.82,1944.43,247.73,843.205,107.825,459.56,468.18,119.56,128.24,315.115,114.26,342.355,67.84,185.76,191.455,416.9,283.635,59.79,38.89,231.0,35.4,100.0,287.5,8.02,20.0,27.0,68.0
22 A,10.61,0.76,0.22,338.5,0.63,5.08,1.37,6.37,195.1,0.53,45.0,209.17,20.71,40.65,2.69,1.32,7.88,27.25,13.69,0.83,27.39,3013.275,540.235,1599.45,157.895,547.05,455.15,62.475,69.165,396.895,128.095,299.365,19.58,43.535,36.635,149.26,457.535,66.64,13.165,244.0,36.2,92.1,338.5,8.07,22.0,30.0,77.0
22 B,7.67,0.76,0.31,337.5,0.63,5.08,1.07,6.37,195.28,0.65,42.15,209.17,16.54,34.1,2.07,1.32,8.02,17.26,8.67,0.59,33.4,1705.165,351.375,909.445,153.225,414.31,307.065,52.95,59.785,319.165,121.34,196.825,18.345,34.83,29.225,122.085,365.375,71.575,14.14,242.0,36.1,92.85,337.5,8.02,22.0,30.0,76.5
22 C,11.0,0.76,0.29,385.5,0.63,5.08,1.49,6.37,195.1,0.53,45.0,209.17,23.47,40.65,3.04,1.32,8.07,26.08,13.11,0.84,27.39,2601.12,501.47,1488.785,198.07,689.6,497.25,77.325,87.395,400.425,162.54,271.025,22.255,44.325,35.815,144.66,449.945,66.99,14.63,241.0,36.1,95.8,386.0,8.07,25.0,34.0,85.0
23 A,0.21,0.76,0.33,387.5,0.62,4.82,1.35,6.99,189.16,0.54,64.17,206.2,0.45,41.11,0.05,1.36,7.98,7.47,3.75,0.02,28.72,1524.345,342.52,563.91,96.94,304.515,271.945,72.545,81.86,213.4,67.865,184.16,96.645,67.31,52.52,6403.585,307.795,96.53,25.95,241.0,36.2,100.0,387.5,7.98,25.0,34.0,85.0
23 B,0.19,0.76,0.33,295.5,0.64,4.89,1.26,7.11,193.98,0.55,45.0,209.17,0.43,41.03,0.05,1.33,7.97,8.2,4.12,0.01,28.14,1336.145,368.18,642.73,131.785,383.81,332.415,103.82,106.18,281.925,98.01,196.65,93.27,71.41,53.79,7751.045,273.6,96.53,29.87,240.0,36.4,100.0,295.5,7.97,20.0,27.0,69.0
23 C,0.15,0.76,0.35,263.5,0.63,4.82,1.22,6.92,193.98,0.52,45.0,209.07,0.31,41.17,0.04,1.33,7.88,6.49,3.26,0.01,26.59,1827.125,313.895,562.04,107.215,316.1,290.395,76.65,77.77,249.47,70.12,197.17,82.355,70.59,54.635,9048.16,386.05,89.885,25.95,241.0,36.4,100.0,264.0,8.045,18.0,25.0,64.0
24 A,13.02,0.76,0.27,267.5,0.63,5.09,1.87,7.08,193.98,0.55,45.0,209.17,26.3,39.54,3.45,1.32,7.97,25.7,12.91,1.0,28.16,1649.92,486.56,2426.605,164.435,585.925,570.935,72.0,80.695,305.62,149.48,188.585,19.99,28.89,26.345,94.49,323.09,67.345,13.65,255.0,36.0,91.85,270.0,8.02,19.0,26.0,65.0
24 B,9.06,0.76,0.33,317.5,0.63,5.08,1.15,6.37,195.1,0.53,45.0,209.17,19.86,40.65,2.51,1.32,8.07,22.5,11.31,0.69,27.39,1915.34,409.03,1413.115,166.77,565.9,411.955,68.64,77.475,411.62,153.98,276.69,20.405,40.765,34.58,143.83,393.025,62.76,13.65,247.0,36.0,89.8,317.5,8.07,21.0,29.0,73.0
24 C,7.2,0.76,0.29,293.5,0.63,5.08,1.05,6.37,195.1,0.53,45.0,209.17,14.88,40.65,1.86,1.32,7.92,18.07,9.08,0.56,27.39,2357.28,429.9,1175.23,188.73,444.945,373.48,72.84,80.96,392.185,139.12,246.805,21.85,39.975,34.17,169.33,549.15,75.81,13.65,247.0,36.1,93.6,294.0,7.92,20.0,27.0,69.0
25 A,2.25,0.76,0.41,332.0,0.68,2.91,1.12,6.0,187.25,0.52,47.32,295.26,4.68,37.02,0.61,1.31,8.02,8.06,4.05,0.17,28.02,1190.46,191.885,605.58,84.835,313.2,316.405,95.145,88.935,251.63,76.655,295.065,56.655,185.76,185.37,351.075,233.585,51.9,36.455,214.0,35.1,100.0,333.0,8.02,22.0,30.0,76.0
25 B,3.72,0.76,0.35,373.5,0.64,4.82,1.83,6.72,193.98,0.51,45.0,209.17,7.49,41.03,1.02,1.33,8.04,12.6,6.33,0.28,26.19,1876.655,367.06,1091.375,129.555,483.45,522.015,113.265,128.24,270.095,117.14,310.48,72.195,172.63,176.445,393.205,248.04,60.77,37.425,221.5,35.1,100.0,375.5,8.045,24.0,33.0,83.0
25 C,3.12,0.76,0.37,276.0,0.77,3.05,3.12,4.5,188.4,0.55,41.63,296.31,6.1,42.88,0.83,1.36,7.97,10.84,5.45,0.24,29.02,1376.03,243.915,362.2,121.195,425.815,1517.77,122.33,175.165,227.39,85.49,283.24,82.045,163.88,167.93,351.075,241.37,55.52,36.455,236.5,35.1,100.0,278.0,7.97,19.0,26.0,66.0
26 A,0.18,0.76,0.29,362.0,0.63,4.82,1.27,6.92,193.98,0.52,45.0,209.07,0.38,41.34,0.05,1.33,7.92,9.67,4.86,0.01,26.55,1424.585,357.325,610.36,114.365,347.965,298.59,67.425,73.92,255.475,66.02,200.81,76.2,74.285,55.06,7895.03,352.43,73.74,23.51,236.0,36.5,100.0,363.5,7.965,23.0,32.0,81.0
26 B,0.31,0.77,0.29,311.5,0.65,4.96,1.86,7.73,217.62,0.47,64.21,189.37,0.66,38.17,0.08,1.36,7.97,8.73,4.39,0.02,21.48,1460.305,290.205,565.325,88.455,358.465,279.12,56.915,72.235,167.71,57.82,151.385,66.28,59.92,47.86,4104.4,217.37,81.02,25.46,237.0,36.6,100.0,312.5,7.975,21.0,29.0,72.0
26 C,0.23,0.76,0.25,301.5,0.53,2.74,1.36,7.37,177.56,0.45,51.08,222.18,0.48,36.26,0.06,1.41,7.92,11.32,5.69,0.02,25.18,1732.59,275.395,534.825,96.94,472.525,350.18,42.04,46.47,230.83,58.025,165.43,36.515,66.08,48.705,5011.59,267.22,65.83,20.08,230.0,36.6,100.0,301.5,7.92,20.0,28.0,70.5
27 A,2.69,0.76,0.37,291.5,0.67,2.88,1.36,5.8,182.87,0.56,47.32,294.62,5.22,46.06,0.68,1.31,7.87,13.62,6.84,0.21,30.42,749.13,188.07,484.365,84.835,358.705,400.105,75.51,77.88,275.87,73.16,312.54,51.35,184.965,180.91,390.13,251.38,48.945,33.535,245.0,35.0,51.3,292.0,7.88,20.0,27.0,69.0
27 B,2.51,0.77,0.43,263.5,0.7,5.1,1.38,5.39,204.77,0.58,46.89,194.44,2.75,37.31,0.35,1.37,7.95,12.9,3.48,0.29,28.45,1469.215,166.11,609.89,80.24,337.845,315.365,61.415,60.93,236.045,71.93,284.785,41.5,166.665,165.495,372.58,211.89,38.11,31.11,242.0,35.1,63.85,264.5,7.945,18.5,25.0,64.0
27 C,2.13,0.77,0.4,383.0,0.77,3.42,1.17,4.55,198.3,0.56,42.9,251.58,4.42,40.12,0.57,1.36,7.99,9.16,4.6,0.16,28.15,596.64,200.95,358.365,85.67,258.22,288.965,79.285,84.515,252.785,75.625,295.58,61.015,176.61,174.015,385.305,218.01,55.845,34.995,246.0,35.1,51.5,388.5,7.995,25.0,34.0,85.0
28 A,0.39,0.77,0.25,419.5,0.65,2.36,1.69,7.72,188.43,0.53,64.17,204.91,0.8,34.52,0.1,1.37,7.87,9.41,4.73,0.03,27.99,993.285,321.295,517.94,113.915,315.74,244.955,51.015,82.345,166.51,63.355,145.66,53.58,59.51,47.86,3312.48,220.27,87.985,29.38,231.0,36.8,100.0,419.5,8.07,26.0,36.0,90.5
28 B,0.47,0.77,0.24,269.0,0.67,4.91,2.1,7.54,211.35,0.45,64.17,197.22,0.95,35.34,0.12,1.36,7.88,10.72,5.39,0.04,21.34,2162.575,339.065,882.935,93.37,468.54,337.54,49.99,52.73,180.94,59.87,145.665,57.55,65.255,50.82,3437.74,207.515,89.25,25.46,235.0,36.8,100.0,270.0,8.02,19.0,26.0,65.0
28 C,0.37,0.77,0.18,346.5,0.64,5.21,1.78,7.6,216.83,0.48,56.7,221.45,0.81,33.38,0.1,1.42,8.07,12.29,6.18,0.03,22.29,1974.81,368.675,731.4,88.45,350.5,307.475,39.225,44.06,168.915,46.545,144.62,39.69,60.74,47.44,3579.23,234.18,71.845,21.55,230.0,36.8,100.0,346.5,8.07,23.0,31.0,78.0
29 A,0.31,0.77,0.24,333.5,0.65,5.11,2.04,7.36,213.87,0.53,67.22,226.21,0.62,35.14,0.08,1.41,7.88,14.48,7.28,0.02,24.79,957.56,275.895,673.695,92.92,370.055,322.505,42.56,46.95,168.915,50.645,139.42,38.5,57.46,45.74,4334.53,229.545,54.44,18.61,229.0,36.9,100.0,334.5,8.07,22.0,30.0,76.0
29 B,0.22,0.76,0.25,279.0,0.63,4.82,1.25,6.92,193.98,0.52,45.0,209.07,0.48,41.17,0.06,1.33,7.99,8.21,4.12,0.02,26.59,1960.87,371.64,590.185,107.66,336.38,282.535,71.78,74.64,248.865,68.89,217.45,68.665,71.41,54.215,6296.22,253.31,93.995,32.32,239.0,36.9,100.0,279.5,7.995,19.0,26.0,67.0
29 C,0.24,0.76,0.26,279.5,0.64,4.89,1.55,7.11,193.98,0.55,45.0,209.17,0.5,41.03,0.06,1.33,7.97,7.67,3.85,0.02,28.14,2059.765,426.425,611.77,128.655,384.895,494.695,75.88,73.195,278.32,74.835,211.21,88.705,68.95,53.37,6843.445,365.185,92.735,27.42,234.0,36.9,100.0,281.5,7.97,19.0,26.0,67.0
3 A,0.31,0.77,0.27,364.0,0.67,5.02,1.66,8.21,222.67,0.56,63.96,192.56,0.67,35.33,0.08,1.36,8.02,8.7,4.37,0.02,25.36,1241.17,317.84,580.335,88.9,321.17,239.15,55.885,75.12,163.505,56.795,137.86,66.48,59.51,47.435,4013.265,189.545,85.14,25.95,246.0,36.2,100.0,364.0,8.02,23.0,32.0,81.0
3 B,2.96,0.76,0.47,951.0,0.67,2.91,1.09,6.18,183.07,0.51,47.32,296.78,5.77,46.16,0.8,1.35,8.02,7.16,3.6,0.23,27.75,933.895,196.66,458.015,90.69,331.025,348.36,121.825,143.72,278.175,96.795,292.49,79.775,206.045,206.06,282.615,271.4,52.89,43.26,225.0,34.6,100.0,962.0,8.02,53.5,73.5,183.0
3 C,3.32,0.76,0.4,364.5,0.63,5.09,1.26,7.11,193.98,0.55,45.0,209.17,6.07,40.65,0.86,1.33,7.92,9.34,4.69,0.26,28.23,1349.81,234.84,698.04,93.615,364.39,377.88,118.555,135.12,291.45,84.26,307.4,77.5,192.52,194.7,315.97,252.49,54.535,41.315,226.0,34.5,46.15,374.5,7.92,24.0,33.0,83.0
30 A,10.78,0.76,0.33,2517.0,0.63,5.08,1.56,6.37,195.1,0.53,45.0,209.17,22.12,40.65,2.88,1.33,7.99,28.4,14.27,0.83,27.39,2021.94,580.985,2510.315,279.82,915.41,651.145,93.57,92.76,504.07,204.86,328.73,30.915,51.45,41.99,200.265,555.655,74.05,19.51,232.0,36.2,67.7,2833.5,7.995,147.0,202.5,501.0
30 B,10.4,0.76,0.23,493.5,0.63,4.82,1.69,6.86,194.17,0.52,42.46,209.17,20.52,32.93,2.65,1.32,7.89,24.37,12.24,0.81,26.6,3303.725,439.84,820.535,161.165,443.765,438.45,46.51,52.275,261.455,109.185,244.745,15.87,44.725,36.64,115.81,375.135,58.53,13.165,234.5,36.2,89.6,494.5,8.07,30.0,41.0,103.5
30 C,9.12,0.76,0.23,1986.0,0.63,5.22,1.62,6.16,189.61,0.53,50.09,231.62,18.1,34.5,2.36,1.37,7.92,22.94,11.53,0.71,28.18,3218.705,416.975,1875.64,159.295,575.32,549.52,41.18,44.77,344.49,103.56,239.08,17.52,37.205,32.525,151.35,475.42,70.87,13.165,228.5,36.2,70.4,2002.5,8.07,105.5,145.5,359.5
31 A,2.21,0.77,0.47,421.0,0.68,3.4,1.18,4.81,190.77,0.52,51.71,321.12,4.26,45.07,0.56,1.33,7.88,7.52,3.78,0.17,27.5,920.175,175.18,430.71,85.255,286.66,330.645,88.6,121.12,257.975,85.9,302.26,72.955,168.26,167.525,380.48,235.805,55.19,34.51,247.0,35.2,49.4,423.0,8.07,26.0,36.0,91.0
31 B,2.35,0.77,0.39,273.5,0.78,3.4,0.95,4.89,182.89,0.55,44.36,254.74,4.8,40.5,0.6,1.36,7.89,9.94,5.0,0.18,30.25,783.42,204.295,251.525,83.585,201.345,273.685,69.975,80.34,242.395,79.125,282.725,44.53,165.87,167.12,317.725,216.34,41.72,34.02,268.0,35.2,52.1,274.0,8.07,19.0,26.0,66.0
31 C,2.67,0.76,0.37,289.5,0.66,2.75,1.27,6.57,194.7,0.57,47.79,219.34,5.16,39.53,0.68,1.37,7.89,11.87,5.96,0.21,29.03,900.81,196.18,459.93,83.165,319.265,294.525,81.045,85.495,245.28,70.9,289.925,60.445,170.245,169.15,360.73,210.22,45.66,34.51,255.0,35.2,48.2,289.5,7.895,20.0,27.0,68.0
32 A,7.76,0.76,0.23,582.5,0.63,5.22,1.04,6.16,189.61,0.53,50.84,231.62,16.37,33.91,2.1,1.38,8.02,21.2,10.65,0.59,28.18,3188.065,527.81,1118.955,166.775,480.285,381.83,42.86,48.795,398.665,110.985,266.905,18.135,63.72,46.93,168.08,541.56,68.4,13.165,233.0,36.3,88.7,582.5,8.02,34.5,47.0,118.5
32 B,9.89,0.76,0.22,666.0,0.62,5.22,1.37,6.14,198.31,0.66,37.11,236.74,19.57,34.11,2.55,1.39,7.92,25.04,12.58,0.77,33.51,2242.48,380.7,1555.94,158.365,608.705,413.045,38.1,40.48,342.13,92.75,219.5,15.045,37.205,32.525,130.445,319.84,60.65,11.7,238.0,36.7,86.5,666.0,7.92,38.5,53.0,132.5
32 C,11.52,0.76,0.21,699.5,0.63,5.22,1.58,6.16,189.61,0.53,50.09,231.62,24.04,33.91,3.19,1.37,8.07,29.52,14.83,0.88,28.18,1993.025,673.43,2179.735,335.88,852.185,605.05,41.46,47.72,413.385,114.81,247.32,18.135,46.7,38.285,160.97,488.975,67.7,14.63,233.0,36.6,87.2,700.0,8.07,40.0,55.0,138.5
33 A,3.06,0.77,0.32,381.5,0.7,5.17,1.51,6.05,204.42,0.58,47.28,192.39,6.36,38.11,0.85,1.35,8.07,12.61,6.34,0.23,28.24,1407.495,243.44,772.3,83.585,356.045,366.07,82.555,85.005,236.045,73.57,287.865,46.235,160.3,161.845,341.86,211.34,46.65,31.595,237.0,35.2,100.0,382.5,8.07,24.0,33.0,84.0
33 B,2.81,0.77,0.35,1102.0,0.64,5.18,1.5,7.11,208.03,0.56,45.03,197.93,5.45,41.17,0.73,1.36,7.92,11.56,5.81,0.22,27.09,1142.05,226.73,570.605,89.85,309.03,433.105,84.07,95.32,241.24,71.11,282.215,51.54,152.745,154.95,348.005,200.21,43.695,31.11,248.0,35.2,59.1,1188.0,7.92,65.0,89.0,221.0
33 C,2.52,0.78,0.35,430.0,0.77,3.4,1.2,5.02,197.99,0.54,44.09,249.89,4.88,39.42,0.64,1.36,7.88,9.36,4.7,0.2,27.41,762.04,250.595,357.4,86.93,224.09,361.21,91.87,92.865,225.66,79.535,280.155,56.085,159.11,161.035,351.515,225.235,49.605,32.08,252.0,35.0,48.3,432.0,7.88,27.0,37.0,92.5
34 A,2.83,0.77,0.33,541.0,0.78,3.28,1.19,4.54,199.2,0.49,42.9,258.44,5.54,40.57,0.74,1.36,7.95,9.8,4.93,0.22,24.54,1252.585,199.525,346.385,90.27,285.52,855.09,80.29,85.25,254.51,61.445,269.875,67.835,207.635,215.795,269.45,238.03,41.72,41.8,247.0,34.9,100.0,543.0,7.945,32.5,44.5,111.5
34 B,2.21,0.75,0.45,312.0,0.77,4.49,1.09,5.68,213.16,0.55,49.32,332.81,3.87,29.66,0.51,1.37,8.02,7.46,3.17,0.2,25.69,630.525,163.25,318.12,84.005,262.39,363.985,54.365,69.035,282.79,80.56,313.055,63.48,201.67,207.68,337.91,253.045,49.93,42.285,239.0,35.1,100.0,314.0,8.02,21.0,29.0,72.5
34 C,2.31,0.77,0.39,434.0,0.67,3.53,1.45,5.41,199.15,0.51,65.86,199.07,5.18,38.56,0.64,2.12,8.07,12.78,6.42,0.18,25.62,909.685,181.38,810.625,71.88,305.24,270.56,59.9,68.055,206.615,78.095,284.265,35.81,137.23,133.455,367.75,205.215,43.36,26.25,215.0,35.4,66.9,441.5,8.07,27.0,37.5,94.0
35 A,7.16,0.76,0.34,434.5,0.63,5.08,0.81,6.37,195.1,0.53,45.0,209.17,14.77,40.65,1.81,1.33,7.87,18.97,9.53,0.56,27.39,1991.73,375.73,892.89,185.925,392.715,290.0,65.0,76.14,432.225,148.805,307.09,21.225,57.785,46.515,160.965,470.0,63.47,14.63,238.0,36.5,89.55,434.5,8.07,27.0,37.0,93.0
35 B,9.37,0.76,0.22,362.5,0.63,5.08,1.3,6.37,195.1,0.53,45.0,209.17,19.72,40.65,2.56,1.33,8.04,23.28,11.7,0.72,27.39,3397.81,589.435,2060.555,204.145,551.76,572.745,59.11,68.095,415.74,135.745,282.875,21.85,50.265,39.11,165.15,542.64,74.75,14.63,238.5,36.5,93.35,362.5,8.045,23.0,32.0,81.0
35 C,8.89,0.76,0.22,505.5,0.63,5.08,0.99,6.37,195.1,0.53,45.0,209.17,18.47,40.65,2.35,1.32,7.97,24.26,12.19,0.69,27.39,4001.155,600.865,856.0,184.055,383.68,286.01,62.755,70.775,343.31,136.42,286.48,19.785,35.62,33.755,161.39,632.085,62.06,14.14,237.0,36.6,85.9,505.5,8.045,30.5,42.0,105.5
36 A,0.66,0.77,0.18,1487.5,0.65,4.56,2.66,7.54,205.77,0.45,64.17,205.3,1.14,41.89,0.15,1.36,7.62,23.63,11.88,0.05,21.77,1661.14,510.325,918.585,109.45,568.835,435.595,57.42,62.36,188.15,60.28,153.99,52.39,60.74,48.28,4418.175,240.555,56.97,21.55,226.0,37.3,100.0,1490.0,7.62,79.5,110.0,272.5
36 B,0.27,0.76,0.29,306.5,0.63,5.09,1.46,7.14,193.98,0.55,45.0,209.17,0.58,40.65,0.07,1.33,8.0,12.27,6.17,0.02,28.16,1309.135,360.29,798.015,129.105,552.54,383.66,80.495,86.195,301.765,84.275,213.81,67.075,78.8,57.175,6547.565,277.655,76.275,23.51,232.0,37.3,100.0,306.5,8.02,21.0,28.0,71.0
36 C,0.3,0.76,0.26,300.0,0.63,5.09,1.35,6.37,193.98,0.55,45.0,209.17,0.61,40.65,0.08,1.33,7.87,14.36,7.22,0.02,28.12,2038.415,405.2,879.18,126.425,448.265,384.345,77.42,81.625,307.77,83.66,237.74,57.155,77.98,60.57,5901.715,355.91,67.1,22.53,232.5,37.4,100.0,302.0,7.88,20.0,28.0,70.5
37 A,0.21,0.76,0.31,343.5,0.64,4.82,1.73,6.92,193.98,0.51,45.0,209.07,0.43,41.17,0.05,1.33,7.88,9.84,4.94,0.02,26.19,1058.635,334.62,831.795,97.39,469.625,400.06,79.215,91.495,250.665,75.04,196.65,81.955,75.105,57.18,7914.59,288.67,88.62,28.89,235.0,37.4,100.0,346.5,8.07,23.0,31.0,78.0
37 B,0.18,0.76,0.28,313.5,0.63,5.09,1.31,7.14,193.98,0.55,45.0,209.17,0.39,40.65,0.05,1.33,7.99,8.76,4.4,0.01,28.16,1932.55,402.73,756.265,167.97,438.125,352.575,85.88,87.885,426.8,77.295,281.96,92.675,94.805,66.495,9282.45,422.57,106.66,26.44,234.0,37.3,100.0,315.5,8.07,21.0,29.0,73.0
37 C,0.22,0.76,0.25,339.0,0.64,4.82,1.45,6.72,193.98,0.45,45.0,209.17,0.45,40.9,0.06,1.33,7.87,10.33,5.19,0.02,23.4,2130.775,406.185,687.295,107.66,455.14,318.41,82.545,87.4,269.905,63.15,216.41,77.79,81.26,61.415,8088.12,366.92,96.53,31.83,230.0,37.3,100.0,339.0,8.07,22.0,30.0,77.0
38 A,10.34,0.76,0.24,444.0,0.63,5.08,1.35,6.37,195.1,0.53,45.0,209.17,19.92,40.65,2.61,1.33,7.87,27.47,13.8,0.81,27.39,1756.52,915.96,1923.405,244.78,807.81,543.705,60.515,69.705,544.705,132.37,353.98,22.46,60.155,46.52,188.98,581.67,77.925,14.63,233.0,36.6,90.35,444.0,7.975,27.0,38.0,95.0
38 B,10.64,0.76,0.28,804.5,0.63,5.08,1.36,6.37,194.26,0.53,41.05,209.17,21.4,33.99,2.81,1.32,7.97,23.67,11.89,0.82,27.51,2357.71,413.0,1516.685,194.335,862.005,626.1,47.35,57.105,392.185,117.735,218.47,19.37,34.83,29.23,122.5,360.5,64.875,12.68,230.0,36.6,87.2,804.5,7.97,45.5,62.5,156.0
38 C,6.66,0.76,0.28,442.5,0.63,5.08,1.09,6.37,195.28,0.53,42.15,209.17,14.03,34.1,1.76,1.32,7.97,19.63,9.87,0.51,27.36,1922.25,365.29,1148.275,156.495,462.61,391.99,52.67,57.64,394.54,118.185,233.925,19.37,44.33,35.815,184.38,524.21,66.29,13.165,233.0,36.6,90.0,443.5,8.045,27.0,38.0,94.5
39 A,3.08,0.77,0.31,521.0,0.69,5.17,1.3,6.05,204.42,0.58,47.35,192.39,6.14,38.15,0.78,1.35,7.87,16.86,8.47,0.24,28.24,1340.125,270.17,624.74,85.675,306.0,303.555,56.63,68.545,233.735,81.175,288.38,32.215,127.285,129.8,354.585,205.215,38.76,25.275,220.0,35.9,100.0,521.0,7.87,31.0,43.0,108.0
39 B,2.89,0.77,0.35,385.0,0.69,5.17,1.41,6.05,198.34,0.58,47.35,192.39,5.8,38.28,0.75,1.35,7.92,14.0,7.03,0.22,29.1,1409.51,227.21,753.14,82.75,358.325,293.485,63.935,69.77,228.545,78.09,304.315,39.415,133.255,130.61,366.0,216.34,45.66,26.735,207.0,36.0,100.0,386.0,7.92,25.0,34.0,85.0
39 C,2.66,0.76,0.36,343.5,0.68,5.17,1.4,7.68,199.13,0.62,63.92,199.94,5.54,41.33,0.7,1.37,7.97,12.42,6.24,0.21,31.21,991.58,225.3,530.84,94.03,288.935,325.435,80.04,81.32,229.12,81.38,269.36,51.54,136.835,137.915,385.305,204.66,43.69,28.675,217.0,36.1,100.0,345.5,7.97,23.0,31.0,78.0
4 A,2.12,0.77,0.28,359.5,0.75,5.58,2.23,6.84,220.85,0.48,61.63,223.26,4.42,47.45,0.56,1.42,7.97,16.98,8.53,0.16,21.69,1591.44,226.54,626.78,85.77,329.135,380.925,40.25,43.34,181.54,57.0,130.58,33.14,60.74,48.28,488.97,175.64,51.905,14.2,224.0,34.0,100.0,360.0,7.97,23.0,32.0,80.0
4 B,1.26,0.77,0.24,364.0,0.63,5.33,1.91,7.47,205.22,0.57,65.14,216.07,2.55,32.98,0.32,1.41,7.88,19.01,9.55,0.1,27.59,1770.05,320.805,652.11,95.6,381.64,310.21,44.35,56.345,180.335,66.02,152.43,34.725,58.28,48.28,1532.65,204.04,52.535,16.65,228.0,34.1,100.0,364.0,8.02,23.0,32.0,81.0
4 C,0.85,0.78,0.28,304.0,0.71,5.39,1.92,6.51,207.33,0.57,67.46,214.38,1.74,44.74,0.22,1.42,7.88,14.15,7.11,0.07,27.3,1725.615,288.23,787.695,87.115,367.88,354.62,41.02,46.95,186.95,64.79,148.26,48.62,64.02,52.52,2084.45,208.68,59.82,17.63,229.0,34.2,100.0,305.0,8.02,21.0,28.0,71.0
40 A,0.14,0.76,0.47,938.5,0.7,3.58,0.98,6.99,188.83,0.55,59.65,305.78,0.24,30.85,0.03,1.35,7.44,5.21,2.62,0.01,28.94,835.145,220.12,479.47,90.24,245.49,226.165,85.11,99.68,241.05,70.12,202.89,81.565,71.41,53.37,7957.87,267.8,99.695,27.42,232.0,37.3,100.0,957.0,7.44,53.0,73.0,182.0
40 B,0.23,0.76,0.23,276.5,0.64,4.82,0.94,6.92,193.98,0.51,45.0,209.17,0.43,41.03,0.05,1.33,7.62,15.47,7.77,0.02,26.46,2169.11,393.355,558.285,104.98,272.29,218.99,57.165,62.84,265.695,72.58,232.54,43.46,75.93,58.45,6475.155,302.0,65.515,20.57,235.0,37.3,100.0,276.5,7.77,19.0,26.0,66.0
40 C,0.51,0.76,0.17,421.5,0.66,4.55,1.92,6.99,200.69,0.39,41.01,206.74,0.91,36.97,0.12,1.33,7.68,17.13,8.61,0.04,19.66,2546.385,740.32,1411.66,127.765,543.13,477.27,50.505,56.1,257.28,60.075,206.01,58.74,79.62,60.145,4742.35,264.325,85.135,22.53,218.0,37.4,100.0,423.0,7.78,26.0,36.0,91.0
41 A,14.12,0.76,0.22,436.5,0.62,5.09,1.86,7.11,193.15,0.57,41.05,209.17,28.0,33.99,3.74,1.32,7.97,30.6,15.38,1.09,29.28,3179.865,519.855,1332.245,183.12,683.71,428.655,47.07,56.035,307.39,116.16,251.965,17.31,35.225,29.23,107.87,322.01,61.0,12.68,234.0,36.8,89.55,436.5,7.975,27.0,37.0,93.5
41 B,7.01,0.76,0.26,415.5,0.63,5.08,0.9,6.37,195.1,0.53,45.0,209.17,15.11,40.65,1.9,1.32,8.02,15.97,8.02,0.54,27.39,2497.97,441.33,856.475,175.18,399.785,303.435,58.835,66.485,409.26,132.82,242.685,21.43,45.515,35.4,155.115,452.65,83.215,13.655,234.0,36.8,91.2,415.5,8.02,26.0,36.0,90.0
41 C,6.96,0.76,0.31,502.0,0.63,5.08,1.05,6.37,195.1,0.53,45.0,209.17,15.03,40.65,1.88,1.32,8.02,16.05,8.06,0.53,27.39,1720.7,347.4,968.09,169.105,443.375,363.32,60.795,68.63,405.14,129.22,240.625,21.225,38.39,32.52,148.845,458.62,76.87,13.165,236.0,36.8,86.7,502.0,8.02,30.0,42.0,104.5
42 A,3.39,0.76,0.3,414.5,0.64,5.18,1.71,7.43,208.87,0.55,44.71,196.5,7.14,40.75,0.94,1.36,8.07,16.74,8.41,0.26,26.49,890.725,283.53,897.825,95.7,431.885,476.86,75.26,90.16,252.21,80.97,290.435,46.425,135.24,134.67,363.805,195.765,43.365,27.22,204.0,36.2,100.0,415.5,8.07,26.0,36.0,90.0
42 B,2.35,0.76,0.36,350.5,0.66,4.2,1.26,5.62,200.6,0.62,58.62,266.52,4.63,37.33,0.6,1.47,7.89,10.93,5.49,0.18,30.74,835.055,200.0,451.31,86.09,262.39,321.615,64.69,83.775,227.965,66.59,258.565,45.29,136.435,139.54,365.115,178.52,42.38,27.705,206.0,36.3,100.0,353.5,7.975,23.0,31.0,79.0
42 C,2.68,0.77,0.37,388.0,0.97,5.14,1.48,7.04,204.08,0.54,51.18,193.24,5.49,37.66,0.72,1.38,8.02,10.94,5.5,0.21,26.7,873.785,233.89,641.03,85.675,353.77,386.22,82.81,85.25,231.425,77.475,285.81,52.675,135.24,135.48,382.67,199.1,47.96,27.22,203.0,36.25,100.0,389.0,8.02,25.0,34.0,85.0
43 A,0.32,0.77,0.28,384.0,0.66,4.96,1.51,6.98,211.44,0.45,41.09,204.78,0.68,36.98,0.08,1.36,7.97,10.94,5.5,0.02,21.15,1521.3,242.33,649.77,91.58,373.675,374.78,47.165,53.215,243.455,57.82,246.59,42.265,67.72,57.18,3837.24,467.78,70.575,21.06,220.0,37.55,100.0,384.0,7.97,24.0,34.0,84.5
43 B,0.27,0.77,0.27,331.0,0.66,4.95,1.66,7.19,199.59,0.45,41.05,205.83,0.55,33.38,0.07,1.35,7.88,11.63,5.84,0.02,22.41,1677.26,286.255,889.97,87.56,442.11,361.455,51.525,52.01,241.655,59.87,181.04,51.995,68.54,52.945,5540.09,425.465,79.44,21.55,224.0,37.5,100.0,332.5,8.02,22.0,30.0,76.0
43 C,0.29,0.77,0.22,281.5,0.53,2.64,1.49,7.63,192.15,0.55,57.94,286.09,0.58,37.29,0.07,1.41,7.87,13.0,6.53,0.02,28.38,1931.24,360.29,775.965,91.135,439.21,359.06,45.635,48.395,209.79,47.16,156.07,40.68,64.02,50.4,4645.8,325.77,63.93,20.57,236.0,37.5,100.0,283.5,7.88,19.0,27.0,67.0
44 A,8.22,0.76,0.35,343.0,0.63,5.08,0.98,6.37,195.1,0.53,45.0,209.17,16.63,40.65,2.07,1.32,7.87,20.67,10.38,0.64,27.39,1993.025,374.235,906.61,196.2,512.095,376.025,73.68,84.18,459.905,157.355,289.06,22.67,43.93,36.64,158.46,477.59,66.99,14.14,243.0,36.8,92.7,345.0,8.02,23.0,31.0,78.0
44 B,7.28,0.76,0.32,438.5,0.63,5.08,0.94,6.37,195.1,0.53,45.0,209.17,15.62,40.65,1.92,1.32,7.97,16.22,8.15,0.56,27.39,1737.535,400.58,1143.07,165.835,415.88,323.035,68.36,77.745,384.53,140.92,224.135,20.195,37.2,30.05,140.9,367.545,73.695,13.165,237.0,36.9,88.0,438.5,7.97,27.0,37.0,94.0
44 C,12.11,0.76,0.29,397.5,0.63,5.08,1.26,6.37,195.1,0.53,45.0,209.17,24.21,40.65,3.21,1.33,7.97,30.85,15.5,0.93,27.39,1970.585,442.32,1788.62,225.63,812.915,721.195,58.27,66.755,690.745,143.855,276.18,22.88,52.245,37.875,168.49,470.54,72.28,15.12,235.0,36.9,92.1,397.5,8.02,25.0,34.5,87.0
45 A,2.48,0.77,0.41,537.0,0.68,5.1,1.51,5.89,203.36,0.55,65.37,195.67,5.25,37.6,0.66,1.36,7.99,13.97,7.02,0.19,27.05,1152.54,184.725,886.325,78.15,381.83,295.565,57.64,61.91,208.92,75.425,274.5,35.245,128.08,124.525,384.425,192.98,40.08,24.79,197.0,36.5,100.0,537.0,7.995,32.0,44.0,110.0
45 B,2.69,0.77,0.32,389.0,0.63,5.17,1.47,7.03,199.77,0.59,64.57,195.89,5.56,41.08,0.73,1.36,8.02,12.54,6.3,0.21,29.32,1311.885,239.62,704.27,93.615,320.03,326.825,87.845,90.41,219.31,72.75,283.755,56.66,140.41,140.75,373.455,211.335,48.29,31.11,204.0,36.5,100.0,389.5,8.02,25.0,34.0,85.0
45 C,2.26,0.77,0.39,440.0,0.77,4.23,1.3,4.96,205.47,0.55,44.48,252.16,4.41,32.14,0.58,1.37,7.89,9.15,4.6,0.18,26.89,856.035,196.66,411.545,93.615,254.05,351.83,69.725,88.935,227.39,68.64,267.305,53.435,94.27,89.235,367.755,187.98,53.215,29.65,214.0,36.6,100.0,442.5,7.975,27.0,38.0,94.5
46 A,0.34,0.76,0.22,483.0,0.63,4.83,1.8,6.96,193.52,0.48,45.03,204.97,0.7,40.62,0.09,1.36,7.89,13.58,6.82,0.03,25.04,1660.705,398.785,826.635,109.895,462.385,369.65,60.755,66.21,230.83,63.355,176.88,53.58,66.49,51.67,5099.395,294.47,84.505,25.95,222.0,37.6,100.0,486.5,7.995,30.0,41.0,102.0
46 B,0.18,0.76,0.35,469.5,0.63,5.19,1.29,7.45,192.71,0.59,45.03,204.97,0.41,39.19,0.05,1.36,8.02,7.88,3.96,0.01,30.55,1705.14,294.65,623.025,98.73,342.175,247.005,69.475,79.695,230.23,80.585,162.83,75.21,67.72,52.095,6964.125,242.88,85.45,28.4,222.0,37.6,100.0,469.5,8.02,29.0,39.5,99.0
46 C,0.22,0.77,0.27,412.0,0.69,3.08,1.06,4.98,192.23,0.53,66.18,352.38,0.48,31.98,0.06,1.35,8.02,7.04,3.54,0.02,27.67,902.67,270.46,448.97,92.025,283.15,208.06,56.655,66.455,204.385,54.745,164.91,55.37,66.9,52.095,4619.17,249.255,88.615,27.42,225.0,37.6,100.0,413.0,8.02,26.0,36.0,89.0
47 A,6.1,0.76,0.32,458.0,0.63,5.08,1.03,6.37,195.1,0.53,45.0,209.17,12.73,40.65,1.58,1.32,7.92,17.26,8.67,0.47,27.39,1943.395,372.75,1075.915,200.875,532.515,412.68,58.55,65.685,464.615,143.18,293.695,23.08,45.12,37.46,219.92,690.635,84.62,14.63,233.0,37.0,90.1,458.0,7.92,28.0,38.5,97.5
47 B,8.9,0.76,0.25,506.0,0.62,5.08,1.01,6.37,194.26,0.55,41.05,209.17,18.5,33.99,2.41,1.32,8.02,19.91,10.0,0.68,28.44,1330.125,359.825,1074.97,226.565,555.295,373.485,46.79,52.28,447.54,99.05,220.53,17.31,45.91,33.345,134.63,457.53,70.165,12.68,234.0,37.0,87.95,507.5,8.02,31.0,42.0,105.5
47 C,7.88,0.76,0.22,437.5,0.66,5.22,1.15,6.17,190.12,0.53,41.05,208.44,16.21,33.91,2.08,1.37,7.97,20.57,10.34,0.61,28.11,2139.33,441.825,1216.38,199.47,515.24,397.8,46.51,51.205,402.195,107.16,231.35,18.345,49.47,34.58,168.495,498.735,75.105,14.63,231.0,37.1,92.35,437.5,7.97,27.0,37.0,93.5
48 A,2.5,0.77,0.4,438.5,0.78,3.51,1.43,4.55,198.67,0.51,43.02,253.57,4.81,38.1,0.63,1.33,7.88,9.19,4.62,0.2,25.76,957.29,199.525,486.28,86.51,282.485,456.72,84.57,89.675,246.435,82.205,297.635,56.655,149.565,150.08,337.47,199.1,48.62,31.595,217.0,36.6,100.0,439.5,7.92,27.0,37.0,94.0
48 B,3.45,0.77,0.39,372.0,0.65,2.84,1.65,7.15,203.97,0.56,66.27,221.69,6.47,36.08,0.88,1.37,7.89,10.04,5.05,0.27,27.23,925.42,203.815,515.025,86.51,295.0,416.78,82.81,85.245,206.035,72.34,269.875,49.65,140.015,137.1,249.7,192.425,47.305,31.11,218.0,36.7,100.0,372.5,7.895,24.0,33.0,82.5
48 C,3.26,0.76,0.38,449.5,0.64,4.82,1.61,7.39,209.52,0.53,44.75,200.71,6.48,41.03,0.88,1.34,8.02,12.23,6.15,0.25,25.26,2391.41,250.595,594.56,98.21,404.58,445.955,78.28,99.5,260.86,81.995,278.615,59.12,89.5,88.425,351.955,197.43,47.3,32.57,220.0,36.7,95.7,457.5,8.02,28.0,39.0,97.0
49 A,0.5,0.77,0.17,575.5,0.65,4.55,2.8,7.56,207.73,0.6,58.21,198.79,1.05,35.81,0.14,1.36,8.02,19.47,9.79,0.04,29.11,971.935,429.385,888.565,146.97,750.245,463.95,55.89,64.77,217.61,47.57,162.31,56.955,61.97,48.28,4582.96,282.295,94.63,21.55,217.0,37.7,100.0,575.5,8.02,34.0,47.0,117.0
49 B,0.35,0.77,0.16,567.0,0.55,5.21,1.59,7.41,210.69,0.66,64.39,228.14,0.75,35.6,0.1,1.42,8.07,17.29,8.69,0.03,31.32,1550.485,330.185,804.585,94.26,342.535,350.52,35.89,34.19,215.805,38.55,157.11,26.99,62.79,48.705,3873.025,278.815,51.27,16.65,213.0,37.8,100.0,569.5,8.07,34.0,46.0,116.0
49 C,0.22,0.77,0.24,439.0,0.65,4.55,1.62,7.54,213.19,0.56,64.52,200.75,0.47,35.34,0.06,1.36,7.97,12.08,6.07,0.02,26.09,1381.45,318.335,647.89,107.215,353.035,327.97,57.68,71.995,194.16,59.05,155.03,70.445,60.74,47.015,6150.57,244.615,87.355,29.38,230.0,37.9,100.0,439.0,7.97,27.0,37.0,94.0
5 A,0.84,0.77,0.29,353.5,0.74,5.19,2.06,6.46,201.86,0.45,68.96,220.7,1.82,46.0,0.23,1.4,8.02,12.7,6.38,0.06,22.48,1578.8,265.035,712.165,83.095,373.31,303.035,43.58,52.49,162.905,63.97,136.3,46.24,53.35,42.775,1969.18,217.95,55.39,16.65,231.0,34.1,100.0,353.5,8.02,23.0,31.0,79.0
5 B,0.77,0.76,0.25,249.5,0.62,3.84,2.2,6.11,213.45,0.54,33.56,206.82,1.62,48.37,0.2,2.17,7.99,12.39,6.23,0.06,25.5,1343.115,276.88,588.31,72.815,325.88,231.29,37.175,47.19,124.43,48.595,114.45,53.78,53.35,43.625,1906.345,113.61,60.765,24.48,244.0,34.3,100.0,251.5,7.995,18.0,24.0,62.0
5 C,0.5,0.77,0.27,304.5,0.62,5.18,1.79,7.47,195.09,0.54,64.21,206.37,1.01,32.89,0.13,1.36,7.87,14.49,7.28,0.04,27.46,1664.19,322.285,743.13,92.475,413.865,326.605,51.53,60.195,197.77,69.71,156.59,45.245,61.56,50.825,3515.145,257.95,61.4,22.53,236.0,34.5,100.0,305.5,7.88,21.0,28.0,71.0
50 A,6.6,0.76,0.34,420.0,0.63,5.08,0.77,6.37,195.28,0.53,42.15,209.17,13.64,34.1,1.68,1.32,7.89,18.24,9.17,0.51,27.36,1611.94,316.09,836.61,170.04,411.955,344.445,56.87,65.95,507.01,126.07,297.82,20.605,44.72,37.465,164.73,528.545,62.06,13.165,236.0,37.1,90.3,420.0,7.895,26.0,36.0,90.5
50 B,0.19,0.76,0.3,371.5,0.67,2.36,1.14,7.03,183.7,0.52,45.0,294.7,0.43,41.38,0.05,1.32,8.04,7.78,3.91,0.01,28.08,1380.585,295.635,484.16,98.725,316.825,247.005,69.215,76.565,246.46,70.325,184.16,65.485,65.255,49.98,6193.43,264.9,88.3,26.93,229.0,38.0,100.0,372.5,8.045,24.0,33.0,82.5
50 C,2.2,0.78,0.43,551.0,0.76,3.5,1.29,5.13,198.12,0.56,56.03,250.59,4.38,38.02,0.56,1.37,7.87,9.35,4.7,0.17,28.09,989.965,185.68,350.7,88.18,252.535,315.02,69.47,85.005,217.0,78.505,297.635,50.59,90.695,90.455,370.385,195.76,47.305,27.705,222.0,36.5,100.0,557.0,7.975,33.0,45.5,113.5
51 A,0.55,0.76,0.25,746.5,0.64,4.82,1.5,6.92,194.42,0.51,45.0,209.17,1.15,41.03,0.14,1.33,7.95,18.22,9.15,0.04,26.13,1622.365,412.605,854.31,144.29,565.945,444.47,60.5,58.99,256.68,74.015,181.04,56.36,67.31,53.365,2999.55,261.425,46.21,16.16,228.0,30.8,100.0,754.5,7.945,43.0,59.0,147.5
51 B,0.85,0.76,0.26,419.5,0.63,5.09,1.35,7.11,193.98,0.55,45.0,209.17,1.74,40.65,0.22,1.33,7.89,17.0,8.54,0.07,28.23,2094.61,398.29,918.59,119.28,511.27,456.09,59.215,61.155,298.155,77.91,210.17,41.08,78.8,60.57,831.865,324.03,53.17,18.12,220.0,31.9,100.0,422.0,7.97,26.0,36.0,91.0
51 C,1.62,0.76,0.27,624.5,0.63,4.83,1.61,6.96,193.45,0.55,41.09,204.97,3.45,34.37,0.44,1.36,8.02,14.33,7.2,0.12,28.21,1374.915,279.84,710.285,94.705,330.945,437.3,48.965,59.235,233.235,64.175,182.08,36.91,62.38,51.25,702.865,294.465,47.79,15.18,212.0,32.3,100.0,624.5,8.02,36.5,50.0,125.5
52 A,6.7,0.76,0.32,528.5,0.63,5.22,1.08,6.31,188.44,0.53,42.49,220.59,14.25,33.91,1.77,1.37,7.97,15.76,7.92,0.52,28.36,1806.15,344.91,1164.35,175.18,472.435,425.75,44.265,50.4,431.05,128.545,294.725,19.99,52.64,40.755,160.13,554.025,83.565,14.14,238.0,31.9,92.7,529.5,8.02,32.0,43.5,109.5
52 B,10.01,0.76,0.3,591.5,0.63,5.22,1.49,6.17,188.44,0.53,43.05,232.35,19.65,33.91,2.53,1.37,7.87,26.1,13.12,0.78,28.36,2412.085,368.77,1554.99,174.245,602.815,501.605,43.985,49.325,385.12,123.595,282.875,17.515,39.975,34.17,150.52,467.29,60.295,12.68,233.0,32.3,92.7,596.0,7.975,35.0,48.0,120.5
52 C,7.59,0.76,0.31,316.0,0.63,5.08,1.0,6.37,194.14,0.53,41.05,209.17,16.69,34.1,2.1,1.32,8.07,18.36,9.23,0.58,27.53,1809.17,338.455,974.705,159.765,424.915,361.505,49.03,56.835,490.525,120.21,241.14,18.14,44.325,35.405,142.57,432.595,63.115,13.65,246.0,32.6,94.3,316.0,8.07,21.0,29.0,73.0
53 A,0.38,0.77,0.28,312.5,0.73,5.03,1.89,7.07,221.29,0.47,65.69,192.56,0.84,43.06,0.1,1.36,8.07,10.71,5.38,0.03,21.41,1424.58,281.815,667.595,84.88,367.52,278.435,45.89,50.08,170.72,57.615,138.38,49.61,59.92,49.13,3338.705,197.665,67.095,22.53,230.0,34.95,100.0,313.5,8.07,21.0,29.0,72.5
53 B,0.32,0.76,0.19,371.0,0.65,4.82,1.68,7.02,208.29,0.56,47.32,228.36,0.7,37.87,0.09,1.38,8.07,17.84,8.96,0.02,26.77,1845.42,332.155,905.92,123.295,488.815,446.865,41.275,42.86,276.515,48.185,178.96,32.35,75.52,55.91,4917.54,264.32,57.6,18.61,221.0,35.0,100.0,373.0,8.07,24.0,33.0,83.0
53 C,0.25,0.77,0.23,284.5,0.69,5.25,1.68,6.33,214.96,0.59,56.51,212.34,0.51,47.1,0.06,1.42,7.97,10.02,5.03,0.02,27.34,1458.125,260.59,653.99,80.86,357.38,261.015,36.915,37.08,184.545,41.01,145.66,44.25,65.665,50.4,5013.67,186.65,80.39,17.63,232.0,35.0,100.0,285.5,7.97,20.0,27.0,68.0
54 A,1.88,0.74,0.29,446.0,0.79,4.87,2.13,7.55,205.74,0.55,83.48,352.96,4.09,29.64,0.54,1.4,7.92,13.74,7.71,0.13,26.57,791.575,245.79,715.45,88.01,420.38,354.62,50.245,51.285,180.935,50.85,157.11,50.605,60.74,48.705,680.39,226.07,49.055,14.2,218.0,33.3,100.0,446.0,7.92,28.0,38.0,95.0
54 B,1.51,0.76,0.28,417.5,0.63,5.18,1.6,6.96,193.45,0.55,41.01,204.97,3.28,34.79,0.42,1.36,8.07,13.91,6.99,0.11,28.21,1825.38,277.865,734.68,99.17,382.365,396.645,51.27,69.58,237.44,65.61,180.0,40.685,67.31,53.79,789.835,295.625,50.32,15.67,216.0,33.4,100.0,418.0,8.07,26.0,36.0,90.0
54 C,1.16,0.78,0.22,278.0,0.62,5.4,2.03,7.52,202.92,0.53,61.64,214.38,2.34,30.42,0.29,1.43,7.87,23.67,11.89,0.09,25.99,2061.065,333.635,724.83,88.455,418.935,325.92,39.735,47.675,183.345,63.56,143.58,31.155,59.51,47.86,1677.88,212.735,47.475,14.69,233.0,33.6,100.0,279.0,8.07,19.0,26.0,67.0
55 A,8.52,0.76,0.37,1364.0,0.63,5.08,1.31,6.37,195.28,0.53,45.0,209.17,17.4,34.1,2.2,1.32,7.92,22.62,11.37,0.66,27.36,1301.205,312.11,1269.815,149.955,584.75,430.465,56.03,65.145,391.595,139.57,280.3,20.815,43.535,35.815,155.535,512.825,62.06,13.65,235.0,33.0,76.05,1377.0,7.92,74.5,102.0,253.0
55 B,9.21,0.76,0.28,5646.5,0.61,5.09,1.26,6.76,189.51,0.42,37.31,236.74,19.39,34.68,2.46,1.39,7.99,23.86,11.99,0.71,22.29,2064.235,302.67,993.63,124.26,366.005,296.535,35.86,42.36,264.405,94.775,205.075,12.78,33.25,29.64,84.875,248.28,43.37,10.73,232.0,33.1,69.2,5687.0,7.995,289.5,399.5,986.0
55 C,7.84,0.76,0.3,9697.0,0.64,4.84,1.05,7.34,192.06,0.59,42.51,210.5,17.22,31.77,2.12,1.34,8.02,20.37,10.23,0.6,30.76,2402.16,366.78,680.075,148.085,289.825,215.595,54.63,60.855,240.85,122.465,158.7,15.87,24.145,23.875,119.58,357.785,47.955,12.19,232.0,33.3,63.9,9697.0,8.02,490.0,676.0,1668.0
56 A,0.83,0.76,0.23,367.5,0.64,4.96,1.74,6.92,189.46,0.52,42.49,220.59,1.82,34.45,0.23,1.38,8.07,18.24,9.17,0.06,27.19,1931.68,371.64,885.75,123.74,469.625,437.64,44.865,51.045,258.485,65.61,208.61,41.075,68.13,55.485,2613.365,275.92,54.435,16.65,222.0,33.8,100.0,369.0,8.07,24.0,33.0,82.0
56 B,0.65,0.76,0.21,394.5,0.66,4.7,1.59,6.47,206.6,0.45,52.05,228.91,1.36,36.78,0.17,1.38,7.97,17.96,9.02,0.05,21.81,1767.44,341.53,913.425,119.725,446.455,434.565,42.815,47.915,276.52,55.77,204.45,35.32,70.59,54.64,3349.105,341.995,54.44,17.14,223.0,33.9,100.0,394.5,8.045,25.0,34.0,86.0
56 C,0.28,0.76,0.24,396.5,0.66,4.89,1.47,7.0,212.67,0.53,43.01,205.6,0.63,37.11,0.08,1.33,8.07,12.88,6.47,0.02,25.1,1950.845,288.725,816.315,98.725,370.05,388.445,51.275,49.84,254.875,52.9,199.25,43.66,69.77,53.79,5488.485,332.725,56.34,16.65,223.0,34.0,100.0,396.5,8.07,25.0,34.0,87.0
57 A,5.55,0.76,0.35,516.5,0.63,5.08,0.84,6.37,194.14,0.53,41.01,209.17,12.09,34.1,1.47,1.32,7.97,15.52,7.8,0.43,27.53,1732.35,317.08,801.14,173.31,388.79,303.07,52.67,61.93,428.105,131.695,270.51,21.23,45.515,39.935,185.22,635.345,71.22,13.165,235.0,33.5,94.4,516.5,7.97,31.0,43.0,107.0
57 B,5.18,0.76,0.34,423.5,0.62,5.27,0.72,6.14,191.92,0.53,37.68,216.95,11.66,34.56,1.42,1.4,8.04,13.65,6.86,0.4,27.84,1418.595,309.13,852.695,163.5,409.99,300.165,35.3,41.82,499.95,124.495,331.31,19.165,56.99,43.225,190.65,576.25,82.51,14.63,231.0,33.6,94.1,424.5,8.045,26.5,36.0,91.0
57 C,7.43,0.76,0.35,453.0,0.63,5.08,1.06,6.37,194.14,0.53,41.05,209.17,15.06,34.1,1.88,1.32,7.88,18.2,9.15,0.58,27.53,1919.225,353.86,1094.835,168.64,491.285,431.915,49.03,60.585,436.94,140.695,286.995,21.64,46.305,37.05,160.55,540.475,75.46,13.65,233.0,33.8,90.3,457.0,8.07,28.0,38.5,97.0
58 A,3.1,0.77,0.42,345.5,0.76,6.06,1.52,7.16,194.47,0.55,50.24,198.18,5.91,31.03,0.79,1.32,7.88,10.54,5.3,0.24,28.11,846.755,184.25,547.13,89.015,339.36,484.505,93.385,98.515,264.325,82.615,285.81,54.57,147.575,149.27,302.365,216.895,48.95,31.595,231.0,33.4,100.0,346.5,8.02,23.0,31.0,78.0
58 B,3.22,0.77,0.31,358.5,0.69,3.92,1.58,5.99,193.67,0.46,65.64,180.38,6.32,38.69,0.82,2.11,7.88,17.77,8.93,0.25,23.64,1049.27,193.315,614.2,75.645,260.875,333.77,50.595,60.19,188.725,57.745,205.62,28.04,109.39,111.55,272.96,162.95,30.22,24.3,232.0,33.5,100.0,359.5,8.02,23.0,32.0,80.0
58 C,1.93,0.78,0.4,405.0,0.81,1.6,1.05,4.79,195.17,0.58,57.9,248.22,2.24,36.96,0.28,2.14,7.97,10.11,2.73,0.22,29.67,928.24,157.52,477.18,78.57,288.175,252.495,53.36,60.435,195.65,64.94,207.675,33.73,113.765,113.575,318.16,180.745,35.15,24.79,220.0,33.5,100.0,406.0,8.045,26.0,35.0,88.0
59 A,0.33,0.77,0.28,447.0,0.62,5.18,1.74,7.52,193.72,0.61,64.17,204.97,0.73,39.7,0.09,1.36,8.07,11.23,5.64,0.03,31.61,1873.305,332.65,965.97,95.155,399.38,357.355,70.75,75.12,223.015,66.43,158.67,62.515,71.41,51.67,5383.205,231.865,64.88,19.1,221.0,34.2,100.0,447.0,8.07,28.0,38.0,95.0
59 B,0.33,0.77,0.27,327.0,0.63,5.17,1.58,7.53,189.07,0.54,64.25,201.88,0.75,34.61,0.09,1.36,8.07,11.41,5.74,0.03,28.69,1490.365,295.14,616.455,97.83,359.555,299.28,47.17,52.73,207.99,64.175,170.63,52.59,61.15,49.13,3928.375,252.15,76.59,22.53,228.0,34.4,100.0,328.0,8.07,22.0,30.0,75.0
59 C,0.24,0.76,0.2,690.0,0.63,5.08,1.03,6.37,195.1,0.55,45.0,209.17,0.49,40.65,0.06,1.33,7.92,13.72,6.9,0.02,28.07,2183.92,482.685,693.865,134.91,412.42,317.38,66.65,62.12,358.265,72.17,260.63,58.74,91.11,66.075,8352.79,469.52,80.075,23.995,217.0,34.5,100.0,696.0,7.92,40.0,55.0,137.5
6 A,10.21,0.76,0.23,374.5,0.62,5.22,1.34,6.14,191.06,0.67,41.68,231.62,19.75,34.04,2.57,1.39,7.87,23.56,11.84,0.8,34.99,1608.92,419.46,1128.885,233.575,563.145,330.65,40.06,44.5,309.745,97.475,197.86,15.455,37.99,30.875,119.16,316.045,63.82,12.68,242.0,35.0,94.5,374.5,7.975,24.0,33.0,83.0
6 B,12.2,0.76,0.27,388.0,0.63,5.08,1.68,6.37,195.1,0.53,45.0,209.17,23.36,40.65,3.08,1.32,7.87,28.57,14.36,0.95,27.39,1623.165,396.605,1386.63,197.605,702.17,458.415,58.27,67.56,373.93,122.24,251.965,18.755,38.39,32.93,134.63,374.59,62.055,15.12,245.0,35.0,89.6,388.0,7.88,25.0,34.0,85.0
6 C,8.82,0.76,0.28,346.0,0.63,5.09,1.03,7.08,193.98,0.55,45.0,209.17,19.14,39.54,2.44,1.32,8.07,19.18,9.64,0.67,28.16,3015.865,398.59,759.53,171.445,356.975,259.88,57.43,65.145,303.855,124.72,194.765,19.165,28.895,26.76,109.54,358.33,57.83,14.63,245.0,35.0,94.2,346.0,8.07,23.0,31.0,78.0
60 A,7.32,0.76,0.27,444.5,0.62,5.22,0.96,6.14,189.61,0.67,42.26,231.62,15.18,33.91,1.93,1.37,7.97,16.79,8.44,0.56,35.35,1462.62,340.44,847.965,176.115,525.055,358.965,40.62,48.255,364.51,97.25,204.04,17.31,34.83,30.05,123.34,400.61,64.525,12.68,236.0,34.0,89.3,444.5,8.045,27.5,38.0,95.0
60 B,8.18,0.76,0.26,606.5,0.61,5.27,1.63,6.82,191.92,0.56,37.68,236.74,15.99,33.4,2.07,1.39,7.88,19.67,9.88,0.64,29.17,1564.47,307.64,1233.4,155.09,551.76,517.21,36.7,42.09,312.1,87.8,226.195,16.695,34.435,30.465,133.79,499.275,67.7,11.7,232.0,34.1,86.7,606.5,8.045,36.0,49.0,122.0
60 C,5.77,0.76,0.33,413.5,0.62,5.23,1.05,6.91,188.44,0.57,44.07,232.35,11.98,33.91,1.46,1.37,7.88,16.3,8.19,0.45,30.02,1276.175,272.35,796.885,147.62,383.68,319.04,42.86,49.06,297.965,107.16,228.26,16.49,32.85,31.29,161.805,614.2,66.29,11.705,235.0,34.2,95.8,413.5,8.07,26.0,36.0,89.5
61 A,3.1,0.77,0.32,308.5,1.03,5.81,1.63,7.2,192.19,0.52,65.41,198.94,6.05,40.05,0.82,1.36,7.97,12.24,6.15,0.24,26.89,927.435,221.955,633.84,83.17,262.01,365.375,70.225,77.14,186.99,59.395,206.65,44.91,98.65,108.305,281.74,177.97,34.82,24.79,238.0,33.6,100.0,309.0,7.975,21.0,28.0,72.0
61 B,2.08,0.77,0.4,393.0,0.65,3.42,1.14,4.23,187.31,0.54,41.71,299.31,4.53,38.99,0.58,1.35,8.07,9.71,4.88,0.16,28.76,1607.585,205.25,418.25,86.505,265.425,263.615,70.98,78.615,232.005,78.715,242.115,50.025,110.185,117.63,397.155,240.255,44.68,28.675,218.0,33.65,100.0,393.5,8.07,25.0,34.0,86.0
61 C,2.38,0.78,0.38,416.5,0.64,3.42,1.12,4.88,197.78,0.56,62.65,255.32,5.26,37.58,0.65,1.36,8.04,11.81,5.94,0.18,28.14,1278.805,204.29,431.19,86.51,241.92,242.43,69.975,80.825,214.69,81.79,245.2,36.76,92.285,91.265,335.275,196.88,37.12,25.765,218.0,33.8,100.0,416.5,8.045,26.0,36.0,90.0
62 A,0.2,0.76,0.24,341.0,0.7,2.09,1.25,7.11,181.2,0.45,45.0,208.2,0.43,43.86,0.05,1.36,7.97,12.13,6.1,0.02,24.68,1511.71,365.225,521.225,115.26,347.24,249.395,61.525,61.16,238.645,59.05,185.72,57.55,68.54,52.945,7671.565,329.245,63.615,19.59,227.0,34.6,100.0,342.0,7.97,22.0,31.0,77.0
62 B,0.14,0.77,0.37,351.5,0.82,2.56,1.16,4.71,205.71,0.44,64.02,326.12,0.29,33.97,0.04,1.45,7.87,7.09,3.56,0.01,21.42,825.56,290.205,556.875,92.475,324.065,236.07,66.4,75.365,202.58,59.665,146.7,76.4,63.61,49.975,7245.435,237.08,66.465,21.55,241.0,34.7,100.0,351.5,8.07,23.0,31.0,79.0
62 C,0.15,0.76,0.29,351.0,0.79,3.05,0.87,4.63,194.01,0.45,41.53,302.14,0.32,45.05,0.04,1.35,7.88,7.8,3.92,0.01,23.05,1779.2,282.31,394.08,98.28,217.255,172.53,58.45,61.155,228.43,58.435,206.53,59.335,70.59,54.64,6714.44,284.615,74.06,21.06,228.0,34.8,100.0,352.5,8.07,23.0,31.0,79.0
63 A,5.19,0.76,0.27,363.0,0.65,4.9,2.73,7.07,210.48,0.44,43.66,199.34,9.55,36.87,1.31,1.36,7.87,25.6,12.86,0.41,20.74,1328.83,246.295,871.475,99.88,627.54,613.705,51.85,50.855,223.925,57.745,257.025,33.92,97.85,94.92,325.625,229.69,37.45,25.765,224.0,34.0,100.0,363.0,7.975,23.0,32.0,81.0
63 B,2.26,0.78,0.36,356.5,0.74,4.26,1.18,4.9,197.64,0.55,58.17,243.15,4.83,40.48,0.6,2.11,7.97,11.72,5.89,0.17,27.75,1407.895,208.115,348.3,77.73,210.065,241.73,54.37,57.49,189.3,72.75,238.005,33.54,94.67,98.97,339.665,155.725,37.78,22.36,226.0,34.1,100.0,357.0,7.97,23.0,32.0,80.0
63 C,1.02,0.78,0.28,389.0,0.71,1.97,1.1,4.09,183.66,0.49,66.49,295.86,2.55,37.21,0.28,2.12,8.07,2.27,1.14,0.08,26.72,1817.36,180.905,422.56,80.66,230.92,209.43,51.85,61.665,196.225,90.425,291.465,40.175,95.865,96.945,459.035,590.07,302.88,63.675,217.0,34.25,100.0,390.0,8.07,25.0,34.0,85.0
64 A,11.28,0.76,0.26,286.0,0.62,5.23,1.55,6.88,191.06,0.56,36.75,232.4,22.76,33.45,2.95,1.39,7.95,29.66,14.9,0.87,29.3,2565.3,389.645,1256.575,151.355,527.02,376.75,39.22,47.45,300.91,109.635,224.135,14.425,36.015,30.465,116.65,306.825,48.305,11.705,244.0,34.3,95.65,286.5,7.945,20.0,27.0,68.0
64 B,13.34,0.76,0.21,379.5,0.65,5.23,1.72,7.05,190.18,0.56,42.46,209.17,26.71,33.41,3.54,1.37,7.97,34.3,17.24,1.03,29.44,2437.55,527.81,1513.375,154.63,620.09,396.71,46.23,52.815,316.81,113.01,233.415,16.08,34.435,30.05,121.665,323.09,52.18,11.7,240.0,34.3,92.3,379.5,8.045,24.0,33.0,84.0
64 C,10.8,0.76,0.28,303.5,0.63,5.08,1.3,6.37,195.1,0.53,45.0,209.17,21.15,40.65,2.74,1.33,7.88,27.06,13.6,0.84,27.39,2979.61,474.63,1563.51,211.15,682.925,503.785,60.79,69.97,461.67,149.48,279.785,21.43,52.635,42.4,155.53,412.54,67.7,14.63,246.0,34.5,95.5,303.5,8.07,20.0,28.0,71.0
65 A,1.05,0.77,0.24,329.5,0.7,5.16,1.17,6.02,193.98,0.51,47.32,204.58,2.37,38.57,0.27,1.32,7.88,2.1,1.05,0.08,26.19,1424.84,220.045,580.18,85.255,288.935,293.135,78.785,91.64,246.43,128.855,372.17,55.14,126.885,136.295,562.595,944.33,450.045,69.02,220.0,34.4,100.0,329.5,7.975,22.0,30.0,75.0
65 B,1.16,0.77,0.29,367.0,0.64,5.17,1.23,7.15,193.52,0.54,45.07,200.47,2.63,37.03,0.29,1.35,7.88,2.42,1.21,0.09,27.84,1465.99,208.11,561.02,87.345,331.4,342.105,89.86,99.74,230.27,132.76,348.01,59.88,112.97,122.905,513.01,900.955,360.365,69.51,222.0,34.45,100.0,368.0,8.07,24.0,32.0,82.0
65 C,1.22,0.76,0.34,381.5,0.66,4.44,1.09,7.32,183.07,0.55,45.0,291.76,2.91,42.38,0.32,1.33,7.97,2.34,1.18,0.09,29.91,979.075,200.475,448.43,93.615,308.27,351.135,88.6,121.61,301.26,154.545,394.79,70.68,140.415,146.43,472.635,741.345,367.92,73.395,225.0,34.5,100.0,382.5,7.97,24.0,33.0,84.0
66 A,0.52,0.76,0.19,379.5,0.65,4.96,1.45,6.12,207.06,0.55,52.07,228.06,1.08,37.07,0.14,1.38,7.97,14.57,7.32,0.04,26.48,2243.605,375.585,1196.325,130.895,458.765,611.535,44.61,43.34,361.875,55.36,275.72,44.255,76.75,64.38,4165.99,599.945,87.35,20.57,219.0,35.0,100.0,381.0,7.97,24.0,33.0,84.0
66 B,0.23,0.76,0.29,399.5,0.77,5.76,1.26,7.04,195.82,0.56,50.38,247.05,0.48,31.3,0.06,1.31,7.92,10.63,5.34,0.02,28.58,840.375,300.075,608.01,105.43,392.5,300.3,66.91,66.935,277.12,66.43,197.69,63.11,80.44,58.875,7133.91,319.97,76.275,23.02,224.0,35.0,100.0,400.0,7.92,25.0,35.0,87.0
66 C,0.23,0.76,0.2,476.5,0.81,4.57,1.45,7.13,201.1,0.56,40.17,239.54,0.46,29.05,0.06,1.31,7.88,15.94,8.01,0.02,27.73,884.81,390.395,685.42,125.53,487.01,312.26,51.27,49.84,278.32,49.21,191.44,50.01,75.925,56.33,9286.605,315.335,69.315,19.59,219.0,35.0,100.0,487.0,8.07,30.0,41.0,102.0
67 B,1.07,0.77,0.29,331.5,0.7,3.4,1.13,4.11,182.42,0.51,45.72,305.94,1.31,37.17,0.15,1.33,7.88,2.19,0.59,0.12,27.85,1436.54,169.93,410.585,86.09,251.015,317.795,78.78,84.27,245.28,117.345,393.76,57.035,153.935,167.93,473.07,634.005,342.96,73.885,217.0,34.7,100.0,332.5,8.07,22.0,30.0,76.0
67 C,1.1,0.77,0.27,291.5,0.77,5.96,1.2,6.86,190.61,0.51,49.17,262.45,2.41,31.04,0.28,1.32,7.87,1.94,0.98,0.09,26.66,908.07,177.56,554.79,91.94,328.745,323.7,109.24,117.92,271.83,128.035,376.285,78.83,151.945,164.275,506.43,676.27,486.185,77.285,224.0,34.7,100.0,293.0,7.88,20.0,27.0,69.0
67A,1.07,0.75,0.32,320.5,0.72,4.64,1.1,4.96,210.15,0.51,63.02,332.35,2.05,32.44,0.23,1.38,7.87,2.08,0.88,0.1,24.18,764.055,166.11,405.315,79.405,247.6,302.165,95.645,113.01,245.28,126.185,379.88,69.73,147.97,160.63,471.755,741.9,351.17,71.455,226.0,34.7,100.0,321.5,7.88,21.0,29.0,74.0
68 A,8.74,0.76,0.25,427.5,0.62,5.22,1.05,6.11,188.44,0.66,43.05,232.35,18.15,32.48,2.34,1.37,7.99,20.36,10.23,0.67,35.26,1639.99,349.88,895.73,153.225,384.86,287.825,43.985,49.595,322.7,98.15,198.89,16.285,32.055,28.405,112.05,344.775,56.42,12.19,235.0,34.6,90.45,427.5,7.995,27.0,37.0,92.0
68 B,9.43,0.76,0.25,361.5,0.66,5.23,1.47,6.88,190.18,0.55,41.05,209.17,18.29,32.73,2.39,1.37,7.88,21.69,10.9,0.74,28.72,2118.185,373.74,1113.75,177.515,479.895,418.125,45.67,49.06,305.625,99.95,203.525,17.93,30.87,27.99,137.555,407.12,63.82,13.165,236.0,34.7,94.5,361.5,8.07,23.0,32.0,81.0
68 C,8.81,0.76,0.19,326.5,0.71,4.82,1.34,7.15,205.9,0.46,62.57,231.68,17.44,38.81,2.28,1.41,7.88,19.83,10.2,0.67,22.25,1582.16,300.68,724.525,128.0,314.17,253.705,25.21,27.88,212.58,59.655,149.42,11.335,23.75,23.05,91.98,307.915,53.59,9.75,240.0,34.8,95.2,326.5,8.07,22.0,30.0,75.0
69 A,0.4,0.77,0.26,333.5,0.61,5.67,1.61,6.93,208.25,0.58,68.19,213.45,0.84,41.88,0.1,1.4,7.87,16.72,8.4,0.03,27.75,1627.595,277.37,695.27,82.645,392.5,297.91,43.58,49.36,184.545,61.92,144.1,30.16,55.82,46.59,3096.925,216.79,50.01,23.995,229.0,35.0,100.0,334.5,7.975,22.0,30.0,76.0
69 B,0.31,0.78,0.29,345.5,0.62,3.35,1.22,4.42,214.31,0.57,54.68,245.8,0.64,36.51,0.08,1.43,7.88,9.39,4.72,0.02,26.39,1176.695,230.98,379.54,88.45,216.89,180.725,38.97,48.88,164.11,51.67,141.5,42.07,58.28,47.44,3027.425,216.21,57.285,18.61,228.0,35.0,100.0,346.5,8.07,23.0,31.0,78.0
69 C,0.37,0.77,0.22,427.5,0.73,5.91,1.94,6.25,222.14,0.61,65.88,185.29,0.74,39.32,0.09,1.35,7.87,12.01,6.04,0.03,27.45,1354.005,343.015,671.35,78.625,364.98,255.885,54.605,80.905,155.085,54.54,131.62,68.66,56.23,45.74,3847.225,190.71,83.87,33.79,230.0,35.0,100.0,429.0,7.88,27.0,37.0,92.0
7 A,3.15,0.77,0.44,268.5,0.71,3.2,1.29,5.35,197.77,0.53,47.04,245.11,3.15,45.42,0.44,2.1,7.92,10.87,2.93,0.36,26.79,1386.515,171.835,686.545,74.81,353.39,323.7,91.115,80.58,262.595,70.7,258.565,62.53,185.76,188.21,320.795,223.57,36.79,35.97,231.0,34.6,45.7,268.5,7.92,19.0,26.0,65.0
7 B,2.74,0.77,0.41,302.0,0.63,5.43,1.43,7.38,193.98,0.55,45.03,204.07,5.47,38.25,0.76,1.33,8.07,9.08,4.56,0.21,28.23,973.83,232.455,962.02,87.345,353.77,469.92,97.41,89.18,281.64,76.45,289.405,73.14,188.545,191.05,411.195,274.18,50.26,36.455,233.0,34.5,47.4,302.0,8.07,20.0,28.0,70.0
7 C,2.56,0.77,0.41,232.0,0.69,3.11,1.25,5.25,199.43,0.58,47.32,204.51,5.15,38.48,0.71,2.12,8.07,8.0,4.02,0.2,28.94,1124.3,202.385,603.18,73.135,301.065,310.155,88.35,93.11,240.085,73.985,275.53,70.68,171.045,169.55,332.645,206.33,51.575,34.51,238.0,34.5,51.1,232.0,8.07,17.0,23.0,59.0
70 A,6.4,0.76,0.34,1359.0,0.63,5.08,0.84,6.37,195.1,0.53,45.0,209.17,13.29,40.65,1.62,1.32,7.88,15.94,8.01,0.5,27.39,1670.205,341.435,847.015,177.98,369.93,274.755,64.72,70.235,386.295,141.375,240.11,22.05,34.435,32.935,160.13,475.965,70.52,13.65,231.0,34.8,80.1,1360.0,8.07,73.0,101.0,250.5
70 B,7.0,0.76,0.21,691.0,0.61,5.27,0.89,6.16,196.3,0.67,55.55,213.88,14.72,35.27,1.9,1.41,7.97,17.22,8.86,0.53,34.16,1616.255,328.02,695.21,153.225,321.63,224.67,29.98,34.585,312.095,72.94,196.83,14.43,32.85,29.23,124.59,362.125,61.35,11.7,231.0,34.8,86.35,691.0,8.045,40.0,55.0,136.5
70 C,10.6,0.76,0.26,313.5,0.63,5.08,1.22,6.37,195.28,0.53,42.15,209.17,20.96,34.1,2.74,1.32,7.92,24.59,12.36,0.82,27.36,2572.63,406.54,1781.055,162.565,631.085,556.775,52.39,60.585,367.45,117.51,273.605,18.755,39.58,34.58,117.485,372.965,56.42,13.165,242.0,34.8,95.1,313.5,7.92,21.0,29.0,72.5
71A,1.18,0.77,0.33,346.0,0.67,3.38,1.29,5.35,187.99,0.51,59.43,241.71,1.41,37.81,0.17,1.71,7.94,2.76,0.75,0.13,27.19,1204.985,138.425,644.865,62.27,284.385,255.975,69.725,59.945,201.995,92.69,325.905,55.145,151.55,161.845,457.275,438.245,244.075,67.08,221.0,34.6,100.0,346.5,7.94,23.0,31.0,78.0
71B,1.26,0.77,0.33,385.5,0.68,3.33,1.35,5.4,188.42,0.53,57.4,240.91,1.49,37.78,0.17,2.09,7.92,2.91,0.79,0.14,28.03,1217.49,144.155,560.06,71.045,314.715,286.185,79.535,71.985,227.39,103.58,355.72,57.795,161.095,174.42,480.975,529.45,267.4,70.965,216.0,34.6,100.0,386.5,7.92,25.0,34.0,85.0
71C,1.22,0.77,0.31,426.5,0.72,1.58,1.33,5.32,176.79,0.54,59.43,243.6,1.44,37.18,0.17,1.71,7.94,2.93,0.79,0.14,30.28,1290.505,130.31,597.435,63.52,301.065,265.695,70.475,59.205,211.805,88.575,322.825,52.11,162.29,172.39,474.39,427.675,250.315,68.535,213.0,34.6,100.0,429.5,7.94,27.0,37.0,92.0
72 A,0.17,0.77,0.27,716.5,0.67,2.49,1.15,7.72,200.16,0.55,64.92,202.55,0.38,36.98,0.05,1.36,8.04,8.21,4.13,0.01,27.7,1544.82,303.53,507.615,91.58,245.855,213.525,55.885,58.99,200.175,53.925,152.95,61.92,60.74,48.705,6621.225,227.805,69.945,21.55,226.0,35.1,100.0,719.0,8.045,41.0,56.5,141.5
72 B,0.23,0.77,0.25,382.5,0.66,3.03,1.07,5.0,197.62,0.54,64.11,302.4,0.48,37.61,0.06,1.36,7.89,6.49,3.26,0.02,27.4,1178.87,272.44,433.02,93.365,247.67,199.515,51.275,48.395,210.995,50.03,171.67,58.74,69.77,52.94,4562.57,232.445,83.87,21.55,222.0,35.1,100.0,384.0,7.895,24.0,33.0,84.0
72 C,0.23,0.78,0.26,464.5,0.67,3.11,1.12,4.88,200.69,0.51,65.01,250.54,0.48,43.54,0.06,1.37,7.92,8.67,4.36,0.02,25.53,1342.675,310.44,430.21,91.13,245.49,189.61,65.885,66.935,195.97,56.18,160.75,89.895,59.92,49.13,4921.7,211.0,98.745,28.4,231.0,35.1,100.0,469.0,7.92,29.0,39.5,98.5
73 A,6.68,0.76,0.27,842.0,0.62,5.16,0.95,6.88,199.61,0.43,37.31,213.74,13.55,34.68,1.69,1.37,7.88,18.32,9.21,0.52,21.41,1478.155,283.785,687.64,135.005,305.53,242.455,35.3,38.335,289.135,86.225,249.38,13.81,35.62,32.935,130.45,435.31,53.59,12.19,234.0,34.9,82.6,842.0,8.07,47.5,65.5,162.0
73 B,11.77,0.76,0.24,592.0,0.61,5.27,1.93,6.14,197.68,0.55,37.68,213.04,22.74,33.91,3.04,1.38,7.92,27.25,13.7,0.91,27.66,1898.08,328.515,819.115,161.165,777.965,568.39,39.78,44.235,348.61,89.375,200.435,17.105,39.185,32.93,132.96,443.44,67.345,12.68,232.0,34.9,89.0,595.5,7.92,35.0,48.0,120.5
73 C,9.47,0.76,0.19,679.0,0.66,5.1,1.14,6.74,199.91,0.47,48.27,207.64,19.37,37.25,2.5,1.44,7.97,23.91,12.02,0.73,23.66,2666.715,432.88,691.42,133.135,301.995,234.11,33.06,37.8,244.97,83.065,222.075,12.78,31.265,29.225,135.88,505.235,52.89,10.73,234.0,34.95,84.5,679.0,7.97,39.0,54.0,134.5
74 A,1.2,0.77,0.31,1225.5,0.68,3.35,1.24,5.4,188.42,0.53,48.45,240.91,1.39,37.78,0.16,1.72,7.87,2.7,0.73,0.14,28.03,1326.41,157.04,650.135,69.79,300.31,288.62,80.045,68.05,226.235,99.675,377.825,61.585,166.27,177.26,482.73,494.97,278.9,71.935,208.0,34.5,100.0,1228.0,7.88,66.5,91.5,228.0
74 B,1.56,0.77,0.29,8497.0,0.69,5.21,1.59,5.34,193.15,0.51,47.32,204.58,3.24,38.35,0.39,1.32,7.87,3.41,1.71,0.12,26.31,1497.855,205.725,817.815,80.655,405.72,391.075,89.355,93.845,249.32,113.645,359.835,68.025,177.01,190.24,509.935,525.555,306.82,75.34,206.0,34.6,99.9,8635.0,7.88,437.0,603.0,1487.0
74 C,1.09,0.77,0.34,1985.0,0.98,3.22,1.12,5.4,180.28,0.51,47.34,295.03,1.36,45.22,0.16,2.05,8.02,2.39,0.64,0.12,28.18,987.14,150.83,594.555,69.795,274.145,316.75,92.375,77.39,257.975,98.65,407.64,76.175,184.965,195.92,534.075,630.67,273.645,74.85,208.0,34.6,100.0,1993.5,8.02,105.0,144.5,358.0
75 A,0.31,0.77,0.28,382.0,0.62,3.56,1.35,4.95,205.15,0.61,60.29,243.17,0.67,38.65,0.08,1.42,7.97,9.02,4.53,0.02,29.65,1538.725,258.125,385.17,95.155,241.51,207.72,42.555,42.86,166.51,52.695,138.38,53.385,57.87,46.59,3124.805,171.0,74.375,20.57,226.0,35.2,100.0,383.5,7.97,24.0,33.0,84.0
75 B,0.22,0.76,0.29,865.5,0.66,2.73,1.05,7.3,183.69,0.55,44.99,288.34,0.46,41.13,0.06,1.36,7.87,8.08,4.06,0.02,29.71,1381.015,317.35,460.7,97.835,257.81,233.0,69.985,66.935,234.44,66.635,168.55,68.065,62.38,49.98,5379.875,313.02,80.705,22.53,222.0,35.25,100.0,866.0,8.045,48.5,66.5,166.5
75 C,0.27,0.77,0.2,1071.5,0.65,4.89,1.98,7.41,207.78,0.56,64.89,200.75,0.57,36.89,0.07,1.36,7.95,11.54,5.8,0.02,26.83,1259.905,367.69,976.76,99.17,452.61,366.24,59.475,63.805,206.18,53.31,170.63,52.39,61.97,51.245,5996.595,324.605,92.735,23.02,219.0,35.3,100.0,1082.0,8.02,59.5,81.5,203.0
77 A,7.82,0.76,0.22,387.5,0.63,5.08,1.43,6.37,194.14,0.53,41.05,209.17,16.46,34.1,2.12,1.32,8.02,23.07,11.59,0.6,27.53,2893.295,519.36,1441.49,192.93,557.255,469.665,49.31,57.64,359.21,92.075,186.52,17.725,38.39,32.935,191.07,742.135,71.225,13.65,238.0,35.0,93.05,388.0,8.02,25.0,34.0,85.0
77 B,11.57,0.76,0.19,397.0,0.63,5.08,1.26,6.37,195.28,0.65,42.15,209.17,22.51,34.1,2.99,1.32,7.92,24.89,12.51,0.9,33.4,3685.675,662.99,1126.99,213.955,488.535,341.545,54.07,59.245,333.295,85.775,212.8,17.72,39.975,32.93,119.575,299.24,65.23,13.65,235.0,35.0,95.0,397.0,7.92,25.0,34.0,87.0
77 C,11.48,0.76,0.18,605.0,0.61,5.28,1.24,7.41,194.18,0.56,37.68,236.74,21.79,32.55,2.9,1.39,7.88,24.12,12.12,0.9,28.91,2359.0,459.225,1216.38,237.78,580.82,369.49,36.14,43.965,304.445,85.55,162.825,15.46,35.62,29.64,105.78,241.235,62.055,12.68,230.0,35.0,88.3,605.5,7.975,35.5,49.0,122.5
78 A,2.43,0.76,0.4,253.0,0.75,3.21,1.04,5.5,207.73,0.49,46.86,243.62,2.51,47.6,0.34,1.69,7.95,8.86,2.39,0.28,23.65,1300.185,133.175,527.965,68.535,288.55,325.435,97.66,52.08,305.88,58.16,329.505,54.38,236.675,253.11,374.775,272.515,43.36,48.605,237.5,35.6,100.0,253.0,7.945,18.0,24.5,62.0
78 B,2.51,0.76,0.38,219.0,0.63,5.08,1.65,6.37,193.98,0.66,45.0,209.17,4.88,40.65,0.7,1.33,8.07,6.95,3.49,0.19,33.94,1308.66,218.14,628.095,68.12,358.32,726.24,152.53,80.335,314.535,74.19,343.385,92.85,236.275,249.055,378.725,274.74,69.315,52.985,247.0,35.3,100.0,220.0,8.07,16.0,22.0,57.0
78 C,2.42,0.76,0.34,221.0,0.7,3.73,1.54,5.33,197.44,0.51,53.2,224.4,4.68,35.54,0.61,2.19,7.87,10.92,5.48,0.19,25.96,885.885,186.635,482.45,77.315,304.1,521.665,88.345,85.0,251.63,63.71,318.195,57.415,177.01,180.91,376.97,206.33,61.1,37.915,249.0,35.2,100.0,222.5,8.07,16.0,22.0,57.0
79 A,0.49,0.77,0.19,223.0,1.0,3.62,2.52,6.33,185.52,0.48,36.65,210.84,1.03,47.74,0.13,2.18,8.02,11.98,6.02,0.04,25.66,919.66,328.205,794.265,73.71,427.265,285.955,32.815,36.36,135.25,33.015,120.69,47.825,54.17,45.32,2881.365,201.72,74.06,26.44,237.0,35.4,100.0,224.5,8.02,16.5,22.5,57.0
79 B,0.16,0.77,0.29,285.5,0.69,2.49,1.11,7.59,203.6,0.59,63.28,211.98,0.36,36.98,0.04,1.37,8.07,8.01,4.03,0.01,29.12,1499.51,283.79,468.21,91.58,236.08,205.665,53.83,55.86,201.375,51.67,157.11,64.1,66.49,51.67,6351.145,213.31,62.67,20.57,238.5,35.4,100.0,285.5,8.07,20.0,27.0,68.0
79 C,0.23,0.78,0.36,313.5,0.68,3.22,1.32,4.33,206.29,0.49,59.31,295.37,0.48,45.91,0.06,1.36,7.97,6.23,3.13,0.02,23.54,1159.27,252.695,415.665,90.685,244.77,196.445,61.525,57.06,167.715,47.16,145.66,90.095,59.51,46.165,4369.48,226.645,82.92,24.48,237.0,35.4,100.0,315.5,7.97,21.0,29.0,73.0
8 A,4.1,0.76,0.39,331.0,0.64,5.24,1.3,7.11,198.52,0.57,45.0,209.17,7.46,41.03,1.03,1.33,7.87,13.1,6.58,0.32,28.47,1554.74,235.32,794.82,96.96,357.185,386.215,83.56,91.145,279.91,82.615,279.125,55.71,198.09,200.38,301.485,221.905,38.765,38.89,231.0,34.6,100.0,332.0,8.02,22.0,30.0,76.0
8 B,3.32,0.75,0.37,634.0,0.95,5.95,1.44,5.88,194.23,0.53,60.21,355.48,3.44,43.47,0.45,1.38,7.87,16.58,4.48,0.38,27.38,810.85,191.885,783.32,93.2,395.105,392.12,87.845,97.04,275.29,81.38,281.695,64.805,198.485,201.6,344.935,246.375,45.005,37.425,215.0,34.6,97.0,641.0,8.02,37.0,51.0,128.0
8 C,2.92,0.76,0.4,321.5,0.63,5.09,1.34,7.11,193.98,0.55,45.0,209.17,5.57,40.65,0.77,1.33,7.97,8.49,4.27,0.23,28.23,1632.995,280.67,621.385,105.735,495.965,459.15,131.64,143.23,282.79,91.66,327.45,81.1,185.76,187.4,351.075,260.275,60.115,39.375,230.0,34.5,73.1,324.0,7.97,21.0,29.0,74.0
80 A,9.58,0.76,0.3,273.0,0.63,5.08,1.18,6.37,195.1,0.53,45.0,209.17,19.08,40.65,2.42,1.32,7.87,25.52,12.82,0.75,27.39,2685.275,467.17,1709.64,178.915,634.23,459.865,59.95,67.56,429.285,143.18,294.73,18.55,41.16,35.4,156.785,430.97,64.525,13.65,248.0,35.0,95.1,273.0,7.88,19.0,26.0,65.5
80 B,6.47,0.76,0.27,310.5,0.62,5.23,1.45,6.91,191.09,0.56,37.11,232.4,13.78,34.11,1.73,1.39,7.99,19.76,9.93,0.5,29.3,2375.835,374.735,1393.255,159.765,480.68,392.355,38.66,43.97,300.91,106.26,200.435,15.87,33.25,30.875,188.98,559.99,68.405,12.19,241.0,34.9,96.2,311.0,7.995,21.0,28.5,72.0
80 C,9.43,0.76,0.28,299.5,0.63,5.08,1.33,6.37,195.1,0.53,45.0,209.17,20.36,40.65,2.61,1.32,8.07,24.67,12.4,0.72,27.39,2932.57,475.125,1538.44,186.86,610.275,469.3,62.76,69.165,408.67,145.88,281.33,20.405,43.935,37.05,159.295,442.355,65.58,13.65,245.0,35.0,96.1,299.5,8.07,20.0,28.0,70.0
81 A,0.37,0.77,0.29,313.5,0.76,5.25,1.88,6.17,216.47,0.64,69.23,211.29,0.78,46.84,0.1,2.17,7.97,9.75,4.9,0.03,29.52,1438.52,265.035,645.075,79.07,354.845,283.22,41.79,46.95,162.3,56.18,140.98,53.38,59.1,47.435,3322.055,191.29,75.01,21.55,230.0,35.4,100.0,313.5,8.07,21.0,29.0,72.5
81 B,0.28,0.77,0.19,249.0,0.57,5.2,1.8,7.39,204.19,0.62,64.39,226.76,0.56,37.15,0.07,1.42,7.92,16.66,8.37,0.02,30.45,1321.33,282.31,816.315,96.045,384.9,397.33,35.89,33.71,214.6,38.55,168.55,35.125,59.92,49.13,5124.36,296.785,56.97,17.63,237.0,35.3,100.0,251.0,7.92,18.0,24.0,62.0
81 C,0.31,0.77,0.27,200.0,0.64,5.04,1.5,6.29,213.45,0.48,65.69,194.96,0.67,43.43,0.08,2.12,7.97,9.29,4.67,0.02,22.32,1479.04,300.075,621.145,77.285,354.845,254.865,46.145,53.695,174.925,57.205,140.46,51.395,59.1,47.86,3704.905,202.3,75.325,24.48,260.0,35.3,100.0,200.0,8.02,15.0,21.0,53.0
82 A,0.43,0.77,0.21,200.0,0.52,2.42,1.6,5.74,199.68,0.55,52.13,244.23,0.71,46.0,0.09,2.15,7.47,21.75,10.93,0.04,27.33,1349.215,277.865,439.59,72.82,307.41,207.375,35.635,36.36,153.285,47.57,158.15,26.19,63.61,51.245,3181.815,119.99,38.61,15.67,256.0,35.3,100.0,200.0,7.47,15.0,21.0,53.0
82 B,0.48,0.77,0.24,200.0,0.74,5.61,2.0,6.09,214.61,0.56,62.51,220.49,0.85,47.49,0.11,1.42,7.6,14.8,7.44,0.04,26.04,1885.065,239.37,719.2,81.305,372.225,315.335,35.635,36.84,170.72,52.695,127.98,29.37,60.33,47.435,2861.805,171.58,65.51,17.63,252.0,35.4,100.0,200.0,7.745,15.0,21.0,53.0
82 C,0.34,0.77,0.3,200.0,0.68,5.17,1.94,6.23,209.4,0.54,65.69,199.69,0.72,36.99,0.09,2.12,7.97,10.59,5.32,0.03,26.01,1221.57,311.425,959.875,77.73,503.3,346.765,49.73,53.935,187.55,66.43,148.26,50.01,64.43,50.4,3944.605,183.75,79.755,24.485,251.0,35.4,100.0,200.0,7.975,15.0,21.0,53.0
83 A,9.77,0.76,0.25,233.0,0.62,5.09,1.68,6.73,197.3,0.52,48.36,209.63,19.77,34.62,2.55,1.41,7.89,24.45,12.58,0.74,26.17,2510.92,361.81,1477.43,133.135,529.77,432.645,31.66,36.19,278.535,94.325,195.28,13.81,34.035,30.055,120.415,329.055,57.83,12.19,253.0,35.1,96.2,233.0,7.895,17.0,23.0,59.0
83 B,9.29,0.76,0.26,250.0,0.63,5.08,1.39,6.37,190.12,0.53,41.05,209.17,19.93,33.99,2.57,1.32,8.07,23.62,11.87,0.71,28.11,3010.685,457.235,1735.655,183.59,585.93,521.935,50.43,56.3,393.955,126.745,283.39,18.96,46.7,37.875,150.935,429.345,66.99,14.14,247.0,35.2,95.4,250.0,8.07,18.0,24.0,62.0
83 C,6.76,0.76,0.31,200.0,0.62,5.22,0.91,6.14,191.09,0.67,37.11,236.74,13.79,34.11,1.7,1.39,7.87,17.07,8.58,0.53,34.98,2230.39,325.53,791.215,129.4,427.27,386.185,38.1,45.31,309.745,99.955,231.35,15.665,37.99,30.875,122.925,385.43,54.65,11.7,259.0,35.4,95.3,200.0,7.88,15.0,21.0,53.0
84 A,0.28,0.77,0.37,281.5,0.67,5.01,1.76,7.53,219.31,0.57,64.48,196.25,0.56,35.34,0.07,1.36,7.87,5.29,2.66,0.02,25.79,1540.9,267.995,572.355,95.15,347.965,292.1,62.035,78.01,180.935,52.9,137.34,109.74,60.33,47.015,4461.45,211.575,91.15,38.2,239.0,35.4,100.0,282.0,8.02,19.0,26.0,67.0
84 B,0.25,0.76,0.23,235.5,0.63,4.83,1.26,6.96,193.52,0.55,45.03,204.97,0.51,40.75,0.06,1.36,7.88,12.75,6.41,0.02,28.24,2359.49,438.27,793.795,113.025,284.6,314.305,64.6,70.065,233.235,70.325,189.36,53.58,64.43,51.245,5832.635,298.525,61.085,19.59,244.0,35.55,100.0,235.5,7.97,17.0,23.0,59.0
84 C,0.19,0.77,0.26,286.0,0.67,2.26,1.41,7.58,201.21,0.46,59.29,292.21,0.39,37.49,0.05,1.36,7.88,9.93,4.99,0.02,22.85,1320.46,290.205,472.9,84.435,286.05,232.315,51.27,51.525,184.545,44.085,139.94,61.915,61.97,48.28,6131.01,234.18,59.185,18.61,238.0,35.7,100.0,287.0,8.07,20.0,27.0,68.0
85 A,7.34,0.76,0.3,434.0,0.63,5.08,0.86,6.37,194.26,0.53,41.05,209.17,15.02,33.99,1.92,1.32,7.95,17.71,8.9,0.57,27.51,2364.61,352.37,800.195,157.43,360.115,297.99,46.51,54.96,389.24,109.185,356.56,20.815,41.165,39.105,134.21,475.965,58.53,13.165,236.0,35.6,87.3,434.0,8.07,27.0,37.0,93.0
85 B,6.64,0.76,0.22,363.5,0.62,5.03,1.43,6.7,190.83,0.53,43.52,231.52,13.29,34.22,1.7,1.37,7.89,11.68,5.87,0.52,27.57,1723.29,319.07,922.69,148.085,383.29,340.82,40.9,43.43,252.035,87.35,195.285,16.695,27.305,26.76,111.215,399.525,75.81,11.705,239.0,35.7,89.2,367.5,7.92,24.0,32.0,81.5
85 C,10.5,0.76,0.27,376.5,0.63,5.08,1.73,6.3,195.4,0.65,42.15,209.17,19.97,32.92,2.66,1.32,7.88,26.57,13.35,0.82,33.38,1668.48,367.775,1266.505,205.075,637.765,457.325,62.2,60.055,317.985,110.535,218.985,23.285,31.265,29.64,141.735,497.645,57.83,12.68,236.0,35.7,91.35,376.5,8.07,24.0,33.0,83.0
86 A,0.24,0.77,0.32,306.0,0.73,2.59,1.93,7.57,211.69,0.5,64.53,312.02,0.5,33.07,0.06,1.35,7.95,9.37,4.71,0.02,23.62,873.05,286.75,481.345,94.705,382.365,234.365,56.91,72.955,165.91,56.18,134.22,75.61,58.69,46.59,5782.7,228.965,69.945,24.48,244.0,35.9,100.0,306.0,7.945,21.0,28.0,71.0
86 B,0.24,0.77,0.28,256.0,0.65,4.56,1.74,7.56,211.84,0.6,64.17,192.67,0.52,35.34,0.07,1.36,8.07,11.44,5.75,0.02,28.48,1389.725,295.635,657.745,92.92,444.64,324.56,51.785,59.955,207.985,55.155,158.15,57.75,62.79,48.285,5756.9,219.69,62.035,21.06,239.0,36.0,100.0,256.5,8.07,18.0,25.0,63.0
86 C,0.36,0.75,0.25,200.0,1.03,3.96,1.83,6.51,205.01,0.45,81.14,342.29,0.84,39.7,0.1,1.74,7.88,19.44,10.95,0.02,21.89,678.745,272.93,629.125,67.01,323.345,268.53,38.455,46.95,161.1,58.025,133.7,28.775,59.1,47.44,3409.03,198.24,35.13,17.63,258.0,36.1,100.0,200.0,8.02,15.0,21.0,53.0
87 A,7.23,0.76,0.26,330.5,0.62,5.22,1.12,6.14,191.09,0.67,37.11,232.4,15.33,34.6,1.96,1.39,8.02,15.96,8.02,0.55,35.28,1879.52,322.55,944.44,149.485,378.575,323.03,39.5,46.65,329.175,96.8,204.555,17.105,36.015,30.46,122.5,426.09,70.165,11.7,241.0,35.8,93.1,330.5,8.02,22.0,30.0,75.0
87 B,9.03,0.76,0.28,231.0,0.63,5.08,1.25,6.37,195.1,0.53,45.0,209.17,17.91,40.65,2.28,1.32,7.88,24.1,12.11,0.71,27.39,3038.735,474.63,1500.135,206.01,598.49,485.275,58.83,69.165,434.585,149.705,327.7,22.055,47.495,39.11,177.275,551.32,70.87,14.63,250.0,35.8,93.85,231.0,7.975,17.0,23.0,58.0
87 C,10.53,0.76,0.25,281.0,0.63,5.08,1.58,6.37,195.1,0.53,45.0,209.17,21.19,40.65,2.78,1.32,7.97,24.6,12.36,0.81,27.39,2557.96,505.94,1940.905,227.03,724.16,628.64,72.56,78.815,428.11,140.695,242.685,23.08,54.615,42.405,159.715,502.525,77.925,13.65,247.0,35.8,94.9,281.0,7.97,19.0,26.0,67.0
88 A,1.63,0.77,0.44,302.5,0.83,1.56,0.87,4.31,186.58,0.52,44.34,303.92,1.94,37.44,0.24,2.09,8.07,6.38,1.72,0.18,28.12,1405.475,159.43,329.62,72.3,199.07,235.48,80.295,62.89,249.9,73.57,335.16,55.9,181.78,182.535,414.27,227.465,53.875,38.885,223.0,35.4,100.0,303.5,8.07,20.0,28.0,71.0
88 B,1.85,0.76,0.37,313.5,0.65,3.66,0.84,4.42,185.02,0.53,43.99,301.69,3.74,42.38,0.48,1.32,7.92,7.33,3.68,0.14,28.88,2417.625,278.76,663.545,99.045,332.535,393.86,135.67,130.945,338.775,98.235,355.72,85.08,190.135,197.135,520.03,275.29,74.24,43.745,225.5,35.4,100.0,314.0,7.92,21.0,29.0,72.5
88 C,2.73,0.76,0.37,307.0,0.63,5.08,1.51,6.37,193.98,0.66,45.0,209.17,5.63,40.65,0.74,1.33,8.02,12.66,6.36,0.21,33.82,918.565,262.05,833.15,87.76,469.42,481.725,97.155,94.34,312.23,95.15,355.725,59.31,187.35,197.945,557.77,299.205,56.505,40.83,224.0,35.4,100.0,308.5,8.02,21.0,28.0,72.0
89 A,4.26,0.76,0.4,263.5,0.63,5.08,1.27,6.44,193.98,0.66,45.0,207.95,6.36,40.65,0.94,1.33,7.61,9.43,4.74,0.35,33.82,971.005,213.365,621.385,114.93,355.665,468.88,185.0,153.3,322.615,88.37,341.845,83.565,234.29,251.49,304.56,297.535,66.355,55.41,237.0,34.4,100.0,268.0,7.94,19.0,26.0,65.0
89 B,2.93,0.76,0.43,239.5,0.68,4.15,1.33,5.39,193.23,0.53,50.69,333.44,5.39,32.19,0.76,1.3,7.92,7.95,3.99,0.23,27.66,842.315,200.475,767.99,90.69,386.005,561.265,152.53,95.075,348.01,90.22,352.635,87.925,250.2,269.745,384.43,315.335,63.73,56.87,237.0,34.9,100.0,241.0,8.07,17.0,24.0,60.0
89 C,3.04,0.77,0.42,256.0,0.69,5.48,1.26,6.17,194.26,0.65,47.32,204.68,5.25,45.6,0.77,1.32,7.88,6.5,3.27,0.24,33.58,1381.68,210.02,629.53,85.675,331.4,517.155,176.44,125.54,322.615,88.575,362.92,93.23,234.29,248.65,348.88,283.075,69.975,52.985,230.0,35.4,100.0,256.5,8.02,18.0,25.0,63.0
9 A,0.31,0.76,0.27,440.5,0.63,5.08,1.12,6.37,195.1,0.68,45.0,209.17,0.66,40.65,0.08,1.33,7.95,10.91,5.48,0.02,35.06,1538.285,341.04,768.46,129.995,489.18,392.885,70.24,67.415,327.01,70.325,228.38,62.315,74.695,58.87,6235.045,377.935,78.49,21.06,225.0,34.65,100.0,440.5,8.07,27.0,37.0,94.0
9 B,0.41,0.76,0.24,441.5,0.64,4.89,2.05,7.11,193.98,0.55,45.0,209.17,0.85,41.03,0.11,1.33,7.95,18.97,9.53,0.03,28.14,1107.86,682.08,699.965,164.845,847.645,549.01,69.985,72.955,278.92,83.66,193.52,57.35,75.105,56.75,6849.265,277.655,71.53,22.53,226.0,34.8,100.0,441.5,7.975,27.0,37.5,94.0
9 C,0.25,0.77,0.2,470.0,0.58,5.1,1.36,8.04,220.79,0.62,63.47,215.0,0.55,35.48,0.07,1.42,8.02,13.74,6.9,0.02,28.09,1307.83,331.665,625.84,98.725,301.98,252.815,41.27,41.17,204.38,42.65,146.7,40.685,64.845,51.67,5621.65,192.45,53.8,17.14,227.0,34.9,100.0,470.0,8.02,29.0,39.5,99.0
90 A,0.54,0.77,0.41,368.0,0.72,2.4,1.36,7.64,212.07,0.57,66.83,214.56,1.11,33.05,0.14,1.36,7.96,5.94,2.99,0.04,26.83,838.63,248.75,473.835,94.71,275.55,211.475,59.215,64.05,180.34,53.515,146.7,78.98,56.64,48.28,3103.165,219.11,74.69,17.63,238.0,36.1,100.0,369.5,7.96,24.0,33.0,82.0
90 B,1.03,0.76,0.16,418.0,0.55,4.86,1.29,6.87,206.79,0.64,34.27,226.97,1.98,37.94,0.26,1.41,7.84,14.49,7.28,0.08,31.01,2041.03,360.785,864.635,93.81,300.895,341.64,36.145,37.8,243.455,37.115,184.16,36.315,64.43,54.21,2183.495,336.78,64.88,16.65,222.0,36.45,100.0,420.5,8.02,26.0,36.0,91.0
90 C,0.19,0.77,0.35,329.5,0.81,2.99,1.23,4.53,218.27,0.47,55.45,252.33,0.4,30.09,0.05,1.37,7.97,6.77,3.4,0.01,21.52,922.275,228.515,377.19,113.915,213.995,189.61,52.04,60.195,170.72,45.52,135.26,73.43,59.92,47.86,5996.595,211.575,59.5,19.1,241.0,36.2,100.0,330.0,7.97,22.0,30.0,75.0
91 A,10.73,0.76,0.19,266.5,0.61,5.27,1.41,6.14,191.92,0.55,37.68,216.95,22.37,33.91,2.94,1.41,8.04,30.67,15.41,0.82,28.49,3662.8,518.86,1754.1,169.105,646.015,482.73,35.86,41.82,403.375,113.01,283.905,15.66,50.265,41.17,154.28,479.215,59.59,11.7,255.0,36.5,95.25,269.5,8.045,19.0,26.0,65.0
91 B,7.03,0.76,0.24,227.5,0.61,5.28,1.07,6.85,195.92,0.56,55.55,213.88,14.67,35.27,1.86,1.41,7.92,16.14,8.31,0.53,28.58,2398.275,313.605,868.3,145.28,386.035,385.825,29.7,35.12,328.0,85.1,233.415,14.22,45.515,38.695,125.43,398.985,68.4,11.7,252.5,36.5,97.2,228.0,7.92,17.0,23.0,58.0
91 C,6.71,0.76,0.27,232.5,0.63,5.22,1.09,6.14,189.61,0.65,43.52,231.62,13.87,33.91,1.73,1.37,7.92,15.6,7.84,0.52,34.4,2175.15,361.315,906.135,155.56,353.44,365.135,40.9,46.645,340.365,111.885,255.57,18.755,47.495,41.165,142.99,469.46,86.74,13.165,253.0,36.4,96.4,233.5,7.975,17.0,23.0,59.0
92 A,10.9,0.76,0.21,343.5,0.66,5.22,1.54,6.31,190.18,0.53,41.05,209.17,21.38,33.91,2.81,1.37,7.92,24.1,12.11,0.85,28.1,3097.86,508.92,1450.475,199.475,614.99,455.51,45.67,52.545,364.51,116.16,229.8,18.96,39.185,31.29,135.045,436.93,76.87,14.14,239.0,36.5,95.0,343.5,7.92,22.0,31.0,77.5
92 B,9.1,0.76,0.28,372.5,0.63,5.08,1.18,6.37,195.1,0.53,45.0,209.17,19.22,40.65,2.43,1.32,7.99,20.38,10.24,0.7,27.39,2435.395,473.635,987.955,189.665,502.28,352.065,68.64,81.77,407.495,151.28,224.135,21.845,45.12,34.165,139.64,403.865,75.105,15.12,241.0,36.6,91.2,372.5,7.995,24.0,33.0,82.5
92 C,10.58,0.76,0.19,371.5,0.62,5.22,1.17,6.17,188.38,0.55,48.93,231.62,20.58,34.5,2.73,1.37,7.92,25.19,12.66,0.82,29.33,1881.245,468.165,856.005,191.53,475.575,313.59,46.23,50.4,365.685,92.975,225.68,16.9,40.37,31.695,122.92,402.24,60.295,12.19,237.0,36.6,93.0,371.5,7.92,24.0,33.0,82.0
93 A,2.89,0.76,0.49,294.0,0.77,3.31,2.04,4.72,185.37,0.53,57.15,298.39,5.05,44.13,0.74,1.32,7.89,5.83,2.93,0.23,28.83,1090.815,213.365,400.52,129.975,376.52,764.095,201.615,248.375,347.43,112.415,368.055,81.48,255.765,262.44,352.39,276.4,81.14,62.705,240.5,35.8,100.0,294.0,7.895,20.0,27.0,69.0
93 B,2.33,0.76,0.4,215.0,0.67,3.07,1.26,7.19,188.27,0.57,45.0,294.8,4.44,42.37,0.59,1.32,7.87,7.94,3.99,0.18,30.12,909.285,220.525,566.29,93.195,326.85,439.355,82.055,90.895,285.675,87.345,333.615,74.28,165.87,175.635,401.98,235.805,61.76,38.885,249.0,35.8,100.0,216.5,8.07,16.0,22.0,56.0
93 C,2.09,0.76,0.43,266.5,0.75,3.42,1.27,5.11,203.88,0.55,46.23,255.27,4.22,32.21,0.53,1.37,7.87,7.96,4.0,0.16,27.14,888.31,200.0,364.59,96.12,267.7,381.355,99.17,123.82,237.775,95.155,290.95,59.69,141.21,142.375,399.79,190.755,62.42,35.0,242.0,35.8,100.0,266.5,8.07,19.0,25.0,64.5
94 A,0.19,0.76,0.28,250.5,0.66,4.56,1.18,6.98,211.34,0.45,41.05,204.59,0.38,37.09,0.05,1.36,7.88,11.49,5.77,0.01,21.16,1162.755,283.79,657.27,94.26,318.275,252.13,49.735,54.175,241.655,57.82,176.88,50.605,73.46,55.485,7093.545,244.615,60.45,20.57,238.0,36.3,100.0,251.5,8.07,18.0,24.0,62.0
94 B,0.18,0.77,0.28,268.0,0.67,2.06,1.16,7.59,190.79,0.56,64.89,291.48,0.37,37.11,0.04,1.36,7.88,9.81,4.93,0.01,29.21,975.86,254.175,507.15,90.685,284.6,242.565,52.3,56.34,210.39,53.31,170.11,49.81,65.255,53.79,6052.355,280.555,61.085,19.59,238.0,36.3,100.0,270.0,7.92,19.0,26.0,65.0
94 C,0.18,0.77,0.3,300.5,0.67,4.98,1.6,7.54,219.07,0.54,64.17,196.25,0.37,35.34,0.05,1.36,7.88,10.5,5.27,0.01,24.84,1020.735,274.905,615.52,99.175,339.275,275.02,52.295,56.585,188.75,58.845,139.42,61.12,59.1,47.435,6984.935,212.155,58.55,19.59,238.0,36.3,100.0,301.5,8.02,20.0,28.0,70.0
95 A,7.96,0.76,0.27,388.5,0.61,5.27,1.23,6.14,198.31,0.67,37.68,236.74,15.61,34.07,2.01,1.39,7.87,19.32,9.71,0.62,33.71,2106.53,316.585,945.385,149.485,457.51,340.09,35.58,40.75,325.64,87.8,196.83,15.665,34.04,30.465,131.28,433.68,62.76,12.19,238.0,36.6,91.45,388.5,7.975,25.0,34.0,85.0
95 B,10.4,0.76,0.3,289.0,0.63,5.08,1.3,6.37,195.1,0.53,45.0,209.17,20.45,40.65,2.64,1.32,7.88,25.58,12.85,0.81,27.39,2047.835,409.52,1507.7,182.655,652.295,443.53,64.16,70.24,431.64,140.695,250.93,20.2,43.14,37.05,148.425,455.905,66.29,14.14,247.0,36.6,97.9,289.5,8.07,20.0,27.0,68.5
95 C,6.95,0.76,0.29,320.5,0.63,5.08,1.09,6.37,194.14,0.65,41.05,209.17,15.36,34.1,1.9,1.32,8.04,17.01,8.55,0.53,33.6,2809.14,376.72,895.255,158.365,500.315,405.06,49.31,59.25,349.785,131.02,248.865,17.93,43.935,37.05,145.5,438.555,72.63,14.14,241.0,36.5,99.9,321.5,8.045,21.0,29.0,74.0
96 A,0.13,0.74,0.29,361.0,0.77,3.17,0.95,5.6,202.14,0.49,58.85,327.21,0.31,26.88,0.04,1.44,7.97,8.24,4.63,0.01,24.14,799.425,228.02,381.415,90.24,211.46,175.26,50.76,53.21,205.58,44.085,160.75,51.99,64.43,51.245,6813.065,252.15,55.7,17.63,229.0,36.4,100.0,361.5,7.97,23.0,32.0,80.5
96 B,0.11,0.76,0.24,263.0,0.68,2.09,1.12,7.59,192.92,0.6,38.16,197.56,0.23,37.12,0.03,1.36,7.92,10.66,5.36,0.01,31.1,1261.215,299.585,529.665,127.765,292.205,230.265,48.965,46.47,227.225,47.98,160.23,48.025,74.28,54.21,8065.23,314.175,65.195,19.59,236.0,36.6,100.0,263.5,7.92,18.0,25.0,64.0
96 C,0.28,0.76,0.24,276.5,0.63,5.08,1.47,7.11,193.98,0.56,45.0,209.17,0.56,40.83,0.07,1.33,7.87,10.46,5.26,0.02,28.95,2092.435,436.785,1114.69,115.255,467.095,408.26,72.55,64.29,292.745,65.61,220.06,77.39,80.85,58.45,6641.615,326.345,88.935,23.02,232.5,36.8,100.0,277.0,8.07,19.0,26.0,66.0
97 A,10.03,0.76,0.22,330.0,0.64,5.05,1.07,7.27,206.34,0.55,46.44,214.97,19.43,32.72,2.53,1.4,7.88,22.79,11.45,0.78,26.51,2271.82,356.84,650.28,140.14,313.775,237.01,33.34,37.26,259.1,82.62,149.42,13.805,23.75,24.29,91.98,268.885,59.24,12.68,242.0,36.5,97.05,330.0,8.07,22.0,30.0,75.0
97 B,8.14,0.76,0.21,270.0,0.63,5.22,1.12,6.17,188.38,0.53,43.05,231.62,16.79,33.91,2.15,1.37,7.97,19.73,9.92,0.63,28.37,3923.04,507.43,1057.0,169.575,440.23,405.42,43.145,48.795,362.74,111.66,253.505,18.14,41.555,33.76,153.86,486.805,77.925,12.68,244.5,36.6,92.7,270.5,7.97,19.0,26.0,65.0
97 C,9.42,0.76,0.27,338.5,0.63,5.08,1.21,6.37,194.26,0.53,41.05,209.17,20.26,33.99,2.61,1.32,8.07,23.22,11.67,0.72,27.51,2751.74,465.19,1488.31,165.37,619.7,429.74,47.07,53.885,383.35,122.695,254.54,17.515,41.95,34.17,134.63,370.25,62.41,13.65,241.0,36.8,97.5,338.5,8.07,22.0,30.0,77.0
98 A,3.97,0.77,0.38,316.0,0.69,5.62,1.53,5.35,197.53,0.52,47.32,244.37,7.36,45.42,1.07,2.08,8.02,8.81,4.43,0.3,26.56,1267.105,189.02,596.95,76.48,324.58,531.395,149.51,86.72,280.485,81.79,306.885,68.22,202.065,198.76,243.995,239.7,55.85,41.8,229.0,33.1,100.0,317.0,8.07,21.0,29.0,73.0
98 B,2.85,0.76,0.46,301.0,0.67,2.71,1.26,6.47,183.38,0.66,45.0,208.61,5.67,42.37,0.77,1.33,8.02,7.56,3.8,0.22,35.78,1414.35,285.44,976.875,91.94,458.425,455.33,77.525,72.475,310.495,87.135,354.18,81.29,228.72,226.745,323.43,276.405,64.715,44.235,227.0,33.3,100.0,303.0,8.02,20.0,28.0,71.0
98 C,2.95,0.77,0.42,233.0,0.69,5.21,1.31,5.4,197.53,0.52,47.32,245.11,6.07,45.29,0.78,1.32,7.97,12.32,6.19,0.23,26.56,1502.295,179.95,687.985,81.91,336.33,345.58,75.765,68.05,259.13,83.23,322.82,42.255,166.27,165.495,311.145,222.46,42.38,31.595,236.0,33.4,100.0,235.5,8.07,17.0,23.0,59.0
99 A,0.22,0.76,0.3,426.5,0.64,5.17,1.04,6.72,193.98,0.55,45.0,209.17,0.47,41.03,0.06,1.33,7.92,7.83,3.94,0.02,28.14,1649.375,318.335,558.28,92.92,293.65,276.045,68.445,74.64,272.91,76.27,211.21,65.885,75.52,56.75,5716.115,250.41,98.11,24.48,229.0,37.0,100.0,427.0,7.92,27.0,36.5,92.0
99 B,0.7,0.77,0.25,440.5,0.62,4.82,1.89,7.37,189.09,0.55,64.17,204.97,1.47,34.53,0.18,1.36,7.95,15.8,7.94,0.05,29.07,2082.415,341.04,824.76,96.94,420.745,407.575,50.505,65.01,216.405,68.89,170.63,42.86,67.31,53.37,2948.36,259.11,62.35,18.61,224.0,37.0,100.0,441.5,7.945,27.0,37.5,94.0
99 C,0.59,0.77,0.22,349.0,0.62,4.83,2.42,7.48,193.91,0.52,64.17,206.37,1.24,33.17,0.16,1.36,7.97,17.77,8.93,0.05,26.79,1056.455,420.5,887.155,116.6,526.11,403.135,55.63,75.605,191.755,67.66,161.27,47.825,64.43,52.095,3734.45,232.44,64.245,25.46,236.0,37.1,100.0,349.5,7.97,23.0,31.0,78.5
Bhadra 12,6.89,0.76,0.26,317.5,0.62,5.22,0.99,6.14,191.06,0.53,41.68,231.62,14.56,34.53,1.84,1.4,7.99,20.3,10.2,0.53,27.97,2907.105,403.065,1743.22,205.54,611.06,634.45,40.34,44.5,588.275,119.31,418.905,18.34,63.72,49.4,207.375,677.085,78.98,15.61,239.0,36.1,94.1,317.5,7.995,21.0,29.0,73.0
Khumbhan 1,10.42,0.76,0.22,566.5,0.62,5.23,1.48,6.91,191.09,0.56,37.11,236.74,20.19,34.11,2.64,1.39,7.88,26.12,13.13,0.81,29.23,3678.335,430.4,1309.545,146.215,455.55,450.43,37.54,44.5,302.68,96.8,228.77,15.66,38.39,31.29,122.08,337.73,55.0,11.7,230.0,33.3,92.4,569.5,8.02,34.0,46.0,116.0
Khumbhan 10,8.23,0.76,0.24,649.0,0.62,5.22,1.34,6.14,191.92,0.53,37.11,236.74,16.93,34.6,2.18,1.4,7.97,19.57,9.83,0.63,27.84,2316.275,424.93,1673.23,221.895,614.985,739.71,37.26,41.285,499.36,113.91,317.4,18.545,64.905,46.93,165.985,491.14,88.85,15.12,231.0,36.0,85.05,653.5,8.045,38.0,52.0,130.5
Khumbhan 11,10.72,0.76,0.27,975.0,0.61,5.27,1.52,6.14,191.09,0.55,37.68,236.74,20.83,34.07,2.72,1.39,7.88,26.01,13.07,0.84,28.61,2708.58,332.49,1407.91,148.55,588.675,489.99,35.86,43.97,354.5,96.575,204.555,15.25,38.79,31.7,120.41,319.295,58.53,12.68,232.0,36.0,80.85,975.0,8.07,54.0,74.5,185.0
Khumbhan 2,5.94,0.76,0.27,972.5,0.61,5.27,0.89,6.13,197.68,0.66,48.55,211.11,12.35,34.16,1.53,1.4,7.92,15.08,7.58,0.46,33.62,2001.225,306.15,723.11,148.085,324.38,252.255,32.78,38.6,328.59,93.425,243.2,15.66,43.14,35.815,151.35,500.36,70.52,12.68,229.0,34.1,83.4,973.0,7.92,54.0,74.5,184.5
Khumbhan 3,7.68,0.76,0.3,235.0,0.62,5.22,1.26,6.14,191.09,0.67,37.11,236.74,16.86,34.11,2.12,1.39,8.07,20.56,10.33,0.59,34.98,2365.905,310.62,1136.925,135.94,383.68,406.145,39.78,48.26,318.575,102.65,259.175,15.25,39.975,32.93,125.43,330.68,50.77,12.19,246.0,34.8,94.4,235.5,8.07,17.0,23.0,59.0
Khumbhan 4,7.22,0.76,0.34,1090.5,0.63,5.08,1.26,6.37,195.28,0.53,41.01,209.17,16.13,34.1,2.0,1.32,8.07,19.02,9.56,0.55,27.36,2550.625,384.675,953.9,159.765,402.92,468.215,52.11,60.855,340.955,129.445,272.57,18.345,41.95,35.815,141.735,456.445,57.12,13.65,229.0,35.1,79.2,1090.5,8.07,59.5,82.5,204.5
Khumbhan 5,8.1,0.76,0.2,598.5,0.61,5.27,0.98,6.14,197.68,0.56,37.31,213.74,16.01,33.95,2.07,1.4,7.89,18.49,9.29,0.63,28.21,3201.44,378.215,742.975,157.43,336.555,262.42,33.9,38.34,313.275,82.615,184.46,14.63,41.955,30.875,117.07,354.535,65.23,13.165,233.0,35.35,85.9,606.0,7.895,35.5,49.0,122.0
Khumbhan 6,11.09,0.76,0.26,417.0,0.62,5.22,1.61,6.14,191.06,0.55,40.42,231.62,21.55,33.94,2.81,1.39,7.88,29.45,14.8,0.87,28.92,3211.365,415.49,1854.83,196.205,750.475,615.935,40.9,49.06,423.395,117.96,293.185,16.9,43.935,36.64,153.44,385.435,65.58,13.65,232.0,35.5,90.7,417.5,8.045,26.0,36.0,90.0
Khumbhan 7,8.4,0.76,0.25,686.0,0.63,5.22,1.29,6.31,188.44,0.53,43.05,232.35,16.99,33.91,2.22,1.38,7.97,20.88,10.49,0.65,28.36,3103.905,423.44,1624.045,168.17,481.86,510.68,43.145,50.94,380.995,125.17,322.55,21.64,53.035,42.4,151.77,449.945,65.935,13.65,230.0,35.7,81.55,686.0,7.97,39.5,54.5,135.5
Khumbhan 8,7.73,0.76,0.2,433.5,0.61,5.27,1.13,6.16,196.3,0.55,57.5,209.63,16.09,35.28,2.07,1.41,7.95,23.04,11.86,0.58,27.85,3981.735,478.605,1704.915,230.305,589.46,664.575,32.5,37.8,547.645,100.85,344.705,16.08,59.765,44.46,202.36,550.775,78.98,13.65,232.5,35.8,94.2,433.5,7.945,27.0,37.0,93.0
Khumbhan 9,7.41,0.76,0.27,368.5,0.62,5.22,1.35,6.14,191.09,0.55,37.11,236.74,16.24,34.6,2.05,1.4,8.07,19.58,9.84,0.57,28.91,2933.86,374.73,1403.655,155.56,434.735,557.5,38.94,48.52,379.23,110.085,268.965,16.49,49.075,38.285,148.84,397.9,64.525,13.165,235.0,35.9,97.0,368.5,8.07,24.0,32.5,82.0
