Sample Name,ARI,Boron,CRI,Conductivity,Copper,Ferrous,LAI,Manganese,Nitrogen,Organic Carbon,Phosphorus,Potassium,RBI,Sulphur,TII,Zinc,pH
1 A,1.945384615384615,0.815423409057505,0.2346153846153846,506.4977764040897,0.7098959689819512,5.49090693308576,2.748461538461539,7.619925351046974,242.1957918821315,0.6713285762385511,48.11878670552173,256.2370296745939,3.695384615384615,49.53385342209712,0.4892307692307692,1.391870025214343,7.871724891862487
1 B,1.744615384615385,0.841099963557365,0.2415384615384615,556.0280551096012,0.7299495857491676,5.766946282635502,1.924615384615385,8.01426339884383,152.8938552739083,0.5808,50.3546512681433,272.469458902041,3.349230769230769,51.38455845514103,0.4338461538461539,1.430971319850022,7.796973148260076
1 C,2.132307692307692,0.8014221889339221,0.2692307692307692,404.12790346036,0.6553021148280733,5.292669059167366,1.550769230769231,7.188005872351851,205.3989338678459,0.530278001245884,61.89091097435821,223.7680957591152,4.110769230769231,42.90381096581982,0.5307692307692307,1.3848072418039,7.803263203813589
10 A,7.843846153846153,0.6981804051374049,0.2484615384615385,365.268110076892,0.5902924277086308,4.695945059790502,1.273846153846154,6.129965005814685,193.347047945883,0.5446222993351201,35.74584402405763,207.4101013696128,16.53769230769231,34.10433722775279,2.102307692307692,1.315958516739517,8.122104936746782
10 B,7.67076923076923,0.78680889361368,0.2276923076923077,389.6467202701521,0.6536463137024734,5.480867942276159,1.453846153846154,6.557050002198221,192.1304366795,0.5133724029160567,51.49611470992048,234.9957283999134,14.83461538461538,37.27349823457202,1.936153846153846,1.451049141359981,7.871724891862487
10 C,5.427692307692308,0.793893664015012,0.3246153846153846,485.5645658132506,0.6727665445577165,5.590089892791923,0.9692307692307693,6.882924048313674,200.3496967667876,0.5588106158650098,48.40668168666984,250.7730085451795,11.22769230769231,45.3617144927473,1.396153846153846,1.423986028457993,7.897105856506908
100 A,2.623846153846154,1.0395,0.4284615384615384,5000.0,0.8505,8.414,1.516153846153846,10.5708,284.424,0.8052,88.2648,268.3658,4.726923076923077,56.6076,0.6553846153846155,1.8496,7.603154724676374
100 B,3.101538461538461,1.0395,0.29,5000.0,0.8640000000000001,7.238,1.883076923076923,10.4328,292.418,0.7128000000000001,62.00339999999999,272.6541999999999,6.035384615384616,56.34539999999999,0.7938461538461539,1.8496,7.49645834537781
100 C,3.184615384615385,0.8601431531134293,0.3453846153846154,470.4721605792023,0.6966734407664912,5.805723740311345,1.606153846153846,7.642509007659568,259.4690187470375,0.6550985234337641,53.06504708348183,248.5632059365541,6.153076923076923,45.96682770324051,0.8007692307692307,1.490968170370879,7.540826732959473
101 A,2.457692307692308,0.7958905960061191,0.373076923076923,476.535242512782,0.6840941286445494,4.999895452494131,1.509230769230769,5.615486636293093,229.2871524349779,0.6711012928780893,45.98551382559623,229.4149779981146,5.135384615384616,41.64698125355289,0.6553846153846155,1.362706425996267,7.621563329426542
101 B,3.24,0.9534157621443572,0.3107692307692308,844.6332289725653,0.8035299250984482,6.748,1.668461538461538,8.877327190403859,255.7642324358214,0.6862195611282971,61.22703962985558,296.8794,6.125384615384616,56.8146,0.8146153846153847,1.652675127836405,7.432138468573109
101 C,2.554615384615385,0.7171027863515286,0.38,329.875,0.6017412257076271,4.566154423226767,1.453846153846154,6.101002143420146,191.8944351142301,0.5109480536143342,40.05756446420266,182.5772703025889,5.190769230769232,36.14698644177626,0.6761538461538461,1.307652034275306,8.052870650191574
102 A,0.351,0.6916715881503226,0.2761538461538461,389.325,0.644952678605799,4.070841119558633,1.682307692307693,5.157422937845545,309.204,0.7389103637227661,53.84441256430764,171.913823053827,0.783,34.68011377499278,0.09450000000000001,1.167958076969766,8.1544749746409
102 B,3.066923076923077,0.8563253340742665,0.3315384615384615,504.1070075883916,0.69711911467317,5.739643328578378,1.557692307692307,7.558704609619205,240.8312942511903,0.6270900344054345,51.55061398793165,256.0673899652457,5.647692307692308,46.67996414949498,0.78,1.477435691254794,7.530799560617447
102 C,0.297,0.798828520288078,0.2623076923076923,367.248462383428,0.6802517175559567,3.78,1.066153846153846,5.324315279188538,135.9496730532988,0.4923842603586787,42.21902569123407,271.7517031274498,0.6345,39.59785566875686,0.081,0.9629981753855504,7.785572064519857
103 A,3.136153846153847,1.026,0.2830769230769231,368.4397761283637,0.8505,6.762,1.550769230769231,9.6048,270.928,0.5239622606361883,62.09999999999999,271.3052562887517,3.813076923076923,56.4282,0.51,1.8496,7.290608250511123
103 B,2.042307692307693,0.8222327456203402,0.4146153846153846,393.1722167620589,0.6875422251757319,4.3009158706138,1.017692307692308,5.415159828766796,260.008,0.598458454803675,51.68250650833249,283.8975589519922,4.020769230769231,44.83023477099441,0.51,1.085611165730634,7.666339827715789
103 C,0.6210000000000001,1.026,0.2069230769230769,5000.0,0.8910000000000001,6.566,1.163076923076923,9.163199999999998,290.794,0.7128000000000001,63.68699999999999,324.2712,0.6345,52.26059999999999,0.081,1.8768,6.686509641714012
104 A,8.280000000000001,0.7495182122572085,0.2415384615384615,328.130482831616,0.6217370643080651,5.258097253713023,1.426153846153846,6.294047656761403,197.7456807105223,0.5347564414383661,40.53032037304374,215.4502888548966,15.82461538461539,34.71853304048891,2.081538461538462,1.421848900629743,8.024994823064429
104 B,1.242,1.0395,0.29,4902.601057986934,0.945,2.184,1.647692307692308,8.625,279.258,0.8184,91.08,269.6722,1.3095,57.546,0.162,2.8696,7.237680259845376
104 C,6.75,0.7974360492156777,0.2692307692307692,611.3961269406434,0.6934707861487626,5.76504882651551,1.149230769230769,7.034987386016094,205.5619966634555,0.5829314470139624,46.7126878575739,288.681381147106,13.94153846153846,44.68451662533754,1.790769230769231,1.435795843182785,7.930011089679239
105 A,0.4995,0.5005000000000001,0.3315384615384615,110.0,0.4640350668782606,3.0940305848648,1.696153846153846,5.231622263297695,165.540796922968,0.4352,39.6552,113.5988,1.026,21.6876,0.1215,0.9207473610037256,8.825600000000001
105 B,0.3645,0.6588676046009858,0.2692307692307692,290.0,0.5566713636706626,4.265278486935245,1.550769230769231,6.152729016853915,113.61,0.3626127260560476,46.06605833442698,139.921579413219,0.7695,27.74550179343794,0.09450000000000001,1.224812260239199,8.423671156848007
105 C,0.351,0.5090870456394198,0.2830769230769231,132.7501517604209,0.4131662369248488,2.940253724373806,1.315384615384615,4.238745304070324,123.5399135744689,0.3943999999999999,41.4222,150.2432,0.7425000000000002,27.8318,0.09450000000000001,0.9087999999999999,8.8368
106 A,6.666923076923078,0.5587466914718195,0.2761538461538461,290.0,0.5042711119288944,3.425278858640833,1.086923076923077,4.607123373345107,113.064,0.3604,28.16543233173746,134.763,14.07307692307692,23.26015731496467,1.804615384615385,1.069193325419014,8.689810214067599
106 B,0.405,0.5394773039794472,0.2830769230769231,290.0,0.4897806947311918,3.189778066675614,1.502307692307692,4.828370787073464,113.412,0.3604,38.6012,118.8826,0.9045000000000001,25.4696,0.108,1.011538282092699,8.756896834448433
106 C,2.499230769230769,0.4940000000000001,0.3315384615384615,100.65,0.403,3.138,1.398461538461538,4.371,119.268,0.4011999999999999,26.133,119.2016,5.246153846153846,21.3094,0.6692307692307692,0.8704000000000001,9.038400000000001
11 A,2.928461538461538,0.7960665309631528,0.3661538461538462,397.2936191691756,0.6585086251383245,5.523700085720177,1.433076923076923,6.972273651403884,192.930669580042,0.558092107055757,47.75343235260364,248.941410205155,5.543846153846154,42.2263190244314,0.7384615384615385,1.434949280849146,7.826083766496555
11 B,2.360769230769231,0.7585391819330115,0.373076923076923,370.5585487627171,0.7180819848229683,3.834564734198091,1.253076923076923,4.983654223852256,176.8218858836861,0.5138714554167986,40.94078939213645,262.5111842504538,4.754615384615384,40.95544463957876,0.6138461538461538,0.973669318979214,7.849430904991405
11 C,2.713846153846154,0.703689081907339,0.3315384615384615,331.6411968579107,0.6251226736696079,3.226124959762317,1.398461538461538,6.062300280341138,185.9469876614322,0.5288911363796444,39.24216433010987,198.5101137820507,5.405384615384615,37.84798356433681,0.7176923076923077,0.8576,8.02979255467317
12 A,0.3375,0.7912923444292097,0.2623076923076923,391.2089001649908,0.6566894735683229,5.272368929475304,1.433076923076923,7.118914559705686,188.1535184329795,0.5306113275152059,47.79510984132353,221.7983029553625,0.6885000000000001,42.29674975153013,0.081,1.35852938077716,7.865379650701382
12 B,0.2835,0.7534941953977345,0.2830769230769231,307.8090753843485,0.6640624184133527,4.908010004455821,1.391538461538461,7.154315053807355,151.3669981448573,0.5198227357438321,54.90615675348288,191.3303312905397,0.5805,38.57443023844656,0.0675,1.314652421688262,7.98582770527732
12 C,0.2835,0.7233519976000206,0.2761538461538461,387.1290819661924,0.6095701668703832,4.494514408359424,1.405384615384615,6.155052196329126,204.4201337777249,0.5693421682219472,39.7495424536564,209.7295198546205,0.6345,38.87239361060395,0.081,1.235939547455007,7.89960418779925
13 A,8.356153846153845,0.8308783077731539,0.2346153846153846,592.9083500473627,0.7154847075023804,6.238470985535986,1.356923076923077,7.544640959508409,212.2977372488888,0.5712125986975478,53.39348381524189,291.4296464115222,16.06692307692308,51.04157394044689,2.116153846153846,1.521799076084066,7.917366017228422
13 B,6.306923076923076,0.8645883492291678,0.3038461538461539,690.5225680160929,0.7483670569483177,6.668642898705294,0.9761538461538463,7.927074607512942,225.0676496372187,0.5950224203698949,54.49007831414285,297.0214,12.74384615384615,45.4296,1.583076923076923,1.594678127318004,7.865379650701382
13 C,8.051538461538462,0.7498242498555382,0.2553846153846153,522.9847083309244,0.6502298181033457,5.290817330799452,1.363846153846154,7.013047264808499,219.0735079650421,0.5713409021582938,45.6161020071637,261.0729869442175,16.81461538461539,45.72102906932609,2.157692307692308,1.349470733574075,8.052870650191574
14 A,0.5265000000000001,0.868634056293068,0.2692307692307692,773.2436386626997,0.8205351250802685,6.343380945057468,1.806923076923077,7.890576291275672,231.2386867668232,0.6864,69.96715133174861,273.5062,1.134,58.41466354605168,0.135,1.562793295505839,7.767929225772204
14 B,0.513,0.880282266795008,0.2830769230769231,640.1715926728067,0.7282047620605969,6.502022050504567,1.723846153846154,8.575346035696715,269.3720794248104,0.6945063424047678,72.29145761388416,290.4894,1.053,45.54,0.135,1.617943432486276,7.705764478338334
14 C,0.4320000000000001,0.9122955605586174,0.2761538461538461,924.3480572442531,0.7796180525589697,7.011442502422891,1.716923076923077,9.26450975880998,274.4981016770095,0.7109778865387203,75.17522947237251,286.6696,0.945,40.4064,0.1215,1.683033261520366,7.675984747749215
15 A,2.284615384615384,0.7850185736634512,0.4076923076923077,349.8888016745159,0.6710234613270507,4.066814310780074,1.239230769230769,6.450240659024202,201.8586429334421,0.4836853425323991,49.22281203525802,230.7163578388813,4.263076923076923,43.37155022386384,0.5723076923076924,1.017703770578973,7.842577483220946
15 B,2.492307692307692,0.7751488611173191,0.4215384615384616,356.0025163693719,0.6559393662621944,3.813684524310109,1.239230769230769,7.183694026169522,221.3342974402693,0.5486798856713334,50.78473416552863,230.1075167576381,4.616153846153846,37.19081739681221,0.6276923076923077,0.9327270175996044,7.910983985662252
15 C,1.98,0.7099770209457552,0.3938461538461538,310.3,0.6798096715393777,3.349805691834694,1.17,4.415605763096064,149.7835063894264,0.432795588909506,36.31395270137663,228.6101886802658,4.034615384615384,39.62373155635765,0.5238461538461539,0.8698602576528675,8.038624616985604
16 A,5.545384615384616,0.7847849139571266,0.2969230769230769,576.375,0.6553253241274436,5.540933020976741,0.9899999999999999,6.764844268362642,206.7938535648059,0.4850997353910348,49.22057341591224,235.3298939860776,11.19307692307692,37.90802347735789,1.396153846153846,1.474748479818825,8.059198074285082
16 B,5.150769230769231,0.7486766088618015,0.3107692307692308,564.3461538461538,0.6580383434699271,5.199157349633858,1.059230769230769,6.437974574718472,190.7397494518503,0.5692313531428761,43.35555126029097,269.7726182321899,11.26923076923077,46.56496059871098,1.403076923076923,1.338527892343587,8.015454545454546
16 C,5.434615384615385,0.689458333585009,0.3246153846153846,346.1619244777885,0.5946551290732504,4.506286164049472,1.197692307692308,6.130559424348808,179.9088679443117,0.5124354003153538,37.49972563692703,198.15708501201,11.89230769230769,32.66121549034667,1.451538461538461,1.218699352088438,8.145183032265185
17 A,0.3105000000000001,0.7339102947423949,0.2761538461538461,319.0690626653799,0.6206114826802566,4.715831215662453,1.446923076923077,6.486681735652692,160.4222664053311,0.4941957455242396,42.21395048231123,193.4222234465644,0.6615,37.75905809759846,0.081,1.251205150467341,8.011576573972363
17 B,0.4185,0.7788978216968577,0.2761538461538461,377.9945440368346,0.6503040328219573,5.007773826709663,1.716923076923077,6.688527463313427,209.9043149394161,0.5577817773085952,46.32733741249238,215.0208931034254,0.8505,40.96044942588093,0.108,1.313437192703249,7.828423426027634
17 C,0.3105000000000001,0.749594721656791,0.2830769230769231,336.0079063658586,0.6364213556460193,4.643809021121971,1.571538461538462,6.619897570261609,124.272,0.5291024557314782,41.91237440149241,194.0564853951806,0.6345,39.99099633144255,0.081,1.236925260111143,7.94289414349309
18 A,2.596153846153846,0.8089883530215821,0.3384615384615384,409.625,0.6797013070035222,5.269119764004126,1.26,7.124065216074296,126.75,0.5139418710634874,44.23403249284649,229.5581216430422,4.858461538461539,41.24033235773332,0.6553846153846155,1.38993527739267,7.894545454545455
18 B,2.090769230769231,0.7555769880040416,0.38,315.6044511942933,0.7285138104081196,4.024969423564954,1.142307692307692,5.126972318712917,189.3179982990487,0.4605452800893474,45.01221742909749,221.8981802587204,4.027692307692307,36.14751580783921,0.5238461538461539,1.37885036907927,7.98582770527732
18 C,3.530769230769231,0.9301569046713015,0.3523076923076923,740.3965850014009,0.7699261904094348,6.751088679859072,1.370769230769231,8.086861866305865,273.14,0.7479476604666979,62.09999999999999,297.0214,6.471538461538461,55.99038842875998,0.8838461538461538,1.647730089794998,7.454940636053545
19 A,0.5265000000000001,0.7495488160170416,0.3107692307692308,330.0132281720707,0.6271929698551293,4.943802591942871,1.329230769230769,6.792890342407211,172.0988332090885,0.4983583833311961,44.67292231678517,198.9053702469409,1.053,39.091111725536,0.135,1.292477764963227,8.008648267960286
19 B,0.324,0.7105313940213943,0.3176923076923077,387.15,0.6386639744132854,4.442793551465658,1.17,6.182151892539332,148.6175632954541,0.4355536062772773,40.56834926943589,180.182743660812,0.7020000000000001,36.32355880738218,0.081,1.212671133675957,8.191533529198443
19 C,0.3375,0.6949142953786311,0.2623076923076923,401.65,0.5934797165498037,4.154415432100774,1.453846153846154,5.907179532025722,183.5979385550225,0.494969955492122,38.68252000854419,181.681254898313,0.7560000000000001,36.12620282651447,0.09450000000000001,1.176693612599,8.158167837827893
2 A,6.45923076923077,0.7318362014291152,0.3038461538461539,501.7,0.6247859844276027,5.028606872557489,1.301538461538462,6.377246987442393,271.9639999999999,0.5204332950192703,46.32318070403657,191.9384345489987,12.86846153846154,34.25293806879209,1.631538461538461,1.331434539527813,8.236853894789952
2 B,8.328461538461537,0.7425689400025369,0.29,511.125,0.6319910003489803,5.127264555409919,1.197692307692308,6.436467403479833,277.928,0.5574722417301551,50.37111206412293,196.2028421945312,16.18461538461539,38.2164751293936,2.095384615384615,1.350396437846821,8.207412162907913
2 C,5.476153846153847,0.728751342437952,0.3246153846153846,580.725,0.6275315270864461,4.875806749337086,0.9899999999999999,6.197928776795909,176.5808745127919,0.4917477576132731,43.11542369093424,209.730949337604,11.51846153846154,39.93613029889035,1.437692307692308,1.303178185998743,8.181679376875653
20 A,7.386923076923076,0.7672960128535794,0.3315384615384615,617.6999999999999,0.654199368590103,5.347217260520549,1.280769230769231,6.699696566741367,187.2993131170188,0.4944892485552026,47.81033843328886,220.4059383987733,14.57846153846154,42.09931619266064,1.880769230769231,1.389620651753924,8.129298669764067
20 B,5.393076923076923,0.7663801953405777,0.3384615384615384,522.0,0.6468345389273427,5.251221440349851,1.031538461538462,6.608296414527929,186.4696197269995,0.4920242104813668,47.37098521959206,208.1825593605655,11.15846153846154,40.60602769867793,1.361538461538462,1.377886654070071,8.099930518692155
20 C,6.3,0.6633686283274035,0.3038461538461539,326.1244020379997,0.5748458808898901,4.16765359765317,1.142307692307692,5.394628979747153,157.2325988430972,0.50209170242778,35.37793629988459,187.6495427959353,13.47076923076923,35.36269930120112,1.721538461538462,1.157058194062125,8.177645046171959
21 A,2.831538461538461,0.7231600355164688,0.38,326.25,0.6549056091877632,3.668588166473923,1.246153846153846,5.387562608819672,213.3635131574949,0.4997791952968098,46.28652934122662,186.2658535228449,3.501538461538462,37.91633088129853,0.4684615384615384,1.344,8.19121276942402
21 B,2.443846153846154,0.6986659337871548,0.4146153846153846,382.075,0.6076194824544806,3.611560418187369,1.197692307692308,4.768413770646156,171.6536757786087,0.3978847862615001,41.24562678473275,214.9121853270832,4.713076923076923,36.74588676894603,0.6207692307692307,0.9049443650754946,8.274859224142913
21 C,2.79,0.722280866005867,0.3869230769230769,328.4020283641894,0.602124040454094,4.486404987262335,1.426153846153846,5.743846067114851,271.5719999999999,0.6118023152120604,43.26494802394341,192.9379078734788,5.633846153846155,36.87948742621766,0.7384615384615385,1.238273731308245,7.914402077081155
22 A,8.093076923076922,0.7575433596888083,0.2415384615384615,490.825,0.639307981586177,5.162658890895583,1.363846153846154,6.518165976068667,182.8681201140048,0.4850821717936799,46.62242128088816,201.116365067534,15.76230769230769,39.62382871614648,2.046923076923076,1.362029627990433,8.122751081375121
22 B,6.057692307692308,0.7078642763519514,0.3038461538461539,489.375,0.6078179757542135,4.516493642672916,1.156153846153846,5.822016553211282,273.392,0.5623082455556987,42.08204983946755,196.7096588886521,12.87538461538461,33.91817263065421,1.617692307692308,1.242733984871273,8.168261127783587
22 C,8.363076923076923,0.6661229667123706,0.29,336.005919953512,0.5782909675304745,4.213680041717753,1.446923076923077,5.440800388989891,158.2932003277823,0.5040268725044361,35.70410795073596,191.4398385853009,17.67307692307692,35.86734174792484,2.289230769230769,1.164316336959353,8.177645046171959
23 A,0.2835,0.7033371386692596,0.3176923076923077,337.1038663885689,0.5958034696501845,4.504048998230214,1.35,6.270540807862927,172.4879092660471,0.4782769209101515,51.3705927867743,195.2532939022296,0.6075,37.64333475774241,0.0675,1.219154037052378,8.119213421139767
23 B,0.2565,0.6984864427357346,0.3176923076923077,291.5513161464193,0.5955992368618835,4.389211290530594,1.287692307692308,6.175396409293074,180.7359642030706,0.5042182579728214,39.84014569000405,180.1471636700006,0.5805,35.47197998847757,0.0675,1.194020691974961,8.089734898852663
23 C,0.2025,0.7616404380364467,0.3315384615384615,382.075,0.6338532610719184,4.894631347511734,1.26,6.759932144171118,175.6454451980052,0.4795289808885538,45.81025387026826,190.5352125149819,0.4185,38.66075834678033,0.05400000000000001,1.304822686670339,8.05428939332622
24 A,9.76153846153846,0.6481754682677265,0.2761538461538461,387.875,0.5655391069261532,4.184566357577985,1.71,5.868510870765617,160.0378151008182,0.4301119785458022,37.56235133518969,155.5405489662171,19.63230769230769,31.70144843209072,2.573076923076923,1.174562620501461,8.434526691438872
24 B,7.02,0.6562089552238802,0.3176923076923077,460.375,0.5743049384894177,4.056766177207845,1.211538461538461,5.336351042239225,153.2294601099836,0.4689327167492046,35.2628411966875,178.2303425030136,15.17384615384615,34.69052654757893,1.922307692307692,1.153216889138795,8.316665475358311
24 C,5.732307692307693,0.7169421166124055,0.29,425.575,0.6098754580534512,4.747853234837549,1.142307692307692,6.083750729356054,168.7566658457726,0.4663524899803299,42.66041423799658,181.914510010277,11.72615384615385,36.57212195607739,1.472307692307692,1.284891698199339,8.217623865410186
25 A,2.305384615384615,0.8168464838897378,0.373076923076923,449.7162447022828,0.6961170171213158,3.766506653164904,1.190769230769231,6.157303498333698,203.1834369053333,0.5753533432339933,46.53250908915194,296.3526396941767,4.664615384615384,40.96737180832285,0.6069230769230769,0.9456196357581623,7.522074453268302
25 B,3.323076923076923,0.7765489831296776,0.3315384615384615,440.4317118871955,0.6495879508625574,4.745287276975822,1.682307692307693,6.375413516326029,184.6225613138872,0.5738655887006523,42.25517495484941,229.9077310418481,6.609999999999999,42.24555306102231,0.8907692307692306,1.268508976222335,7.707427562320317
25 C,2.907692307692308,0.7491162318718025,0.3453846153846154,400.2,0.7133228677429853,3.59913029256482,2.575384615384615,4.980946326462483,198.1839096009362,0.4885733648902409,41.7060191571483,247.431967912944,5.647692307692308,40.0085997782172,0.7592307692307692,0.9137072281990324,8.00928348058255
26 A,0.243,0.7496712310563733,0.29,351.0245195921036,0.6275292759319481,4.861873277999205,1.294615384615385,6.648723385073943,174.5248459513772,0.5128904302163644,43.77685630930737,204.9746398038321,0.513,39.58267475409914,0.0675,1.278713796539383,7.965788286986182
26 B,0.4185,0.7222214501163675,0.29,315.8010348615367,0.6138966419658763,4.554451997664184,1.703076923076923,6.677527879427197,134.2629744137567,0.5903651382449063,49.10180332837852,178.7393868470152,0.8910000000000001,35.19810894895571,0.108,1.250356489749353,8.020776540335424
26 C,0.3105000000000001,0.7711703723390333,0.2623076923076923,345.0011777646339,0.5715293113232337,3.612412321234781,1.356923076923077,6.959835603057095,121.5957811296624,0.4125055157808133,46.0206053284587,212.0548687160475,0.648,36.58235793181794,0.081,0.9300256441931264,7.828423426027634
27 A,2.61,0.7489153946978987,0.3453846153846154,422.675,0.6542510298342484,3.708550173516813,1.356923076923077,6.053738532718002,196.4791071036588,0.424865393272953,48.4208378736903,235.3973332648118,5.038461538461538,41.28635418241603,0.6553846153846155,0.9026619722220581,8.139005660466607
27 B,2.485384615384615,0.732105535280765,0.3869230769230769,382.075,0.6541588814746492,4.681706031062504,1.370769230769231,5.422856309442597,223.8655354328812,0.5675905904291595,44.947941606928,176.3252200298485,3.328461538461538,34.86158239764703,0.4269230769230768,1.311388806653165,8.122685541896388
27 C,2.222307692307692,0.7123907461550646,0.3661538461538462,555.35,0.6969989993976914,3.728040008530641,1.225384615384615,4.907375752311125,196.2696143208072,0.5143294560198115,40.80296756239403,224.659796539548,4.484615384615385,38.07541912072926,0.5792307692307692,0.9502577499941969,8.240820373475167
28 A,0.5265000000000001,0.8112415489192719,0.2623076923076923,415.965171817256,0.6798117521039304,3.304,1.585384615384615,7.778240188548491,197.7799649224979,0.5188332460946251,62.36999716658971,227.2147848836054,1.08,38.94375925371679,0.135,0.9278736427751124,7.819775315740511
28 B,0.6345,0.8013745889385261,0.2553846153846153,390.05,0.680077877673731,5.145409054097567,1.869230769230769,7.383325432265337,137.0074703938826,0.5502656315414532,57.94914640900939,197.8404096393955,1.2825,37.11179628381457,0.162,1.384851782324612,7.917366017228422
28 C,0.4995,0.7224528715170679,0.2138461538461539,374.4012071160998,0.6103902871029598,4.506892179560078,1.647692307692308,6.365669641908659,148.8093729718398,0.6277238487865818,42.91032053228573,212.671157158237,1.0935,33.77758620464347,0.135,1.301874106660656,7.92277425933031
29 A,0.4185,0.8041754821512077,0.2553846153846153,371.2213700908561,0.6666380243670892,5.363994724347232,1.827692307692308,7.303683217488908,211.889706877622,0.6529322912644832,62.59787372324941,225.9822472850086,0.8370000000000001,37.57621136413233,0.108,1.455842597377202,7.780442641130621
29 B,0.297,0.7275302524206163,0.2623076923076923,404.55,0.6137578793036875,4.458068532287972,1.280769230769231,6.244147200553822,168.6167575766574,0.4903331097901183,40.99987436351224,191.7089992788476,0.648,37.8733581392519,0.081,1.220489685045521,8.0796600040995
29 C,0.324,0.7631346666102914,0.2692307692307692,405.275,0.6415573125872056,4.747470251705082,1.488461538461539,6.645357262038715,207.5328649767382,0.5308704474795823,44.68104761502081,203.9805291543094,0.675,39.82154104976607,0.081,1.287629122927725,7.951818181818181
3 A,0.4185,0.6962884450943038,0.2761538461538461,527.8,0.6240727844195612,4.431844071365614,1.564615384615385,6.808287048857864,206.183947130403,0.6450144592880251,50.85989098135386,184.7358467940445,0.9045000000000001,34.17251384611536,0.108,1.237605564373917,8.260573509857199
3 B,2.796923076923077,0.8551776930805302,0.4146153846153846,825.2012954669774,0.7778021550639811,4.074,1.17,7.497318009275909,206.0458018347697,0.5625057373890167,54.3554421776552,421.4275999999999,5.419230769230769,62.41966760250515,0.7384615384615385,1.144639313585164,7.775933503970736
3 C,3.046153846153846,0.8013150757745067,0.3661538461538462,408.5916684826033,0.6585396126901182,5.326512749136498,1.287692307692308,7.102778020538358,218.8805900450031,0.5780968080257404,47.76792887041925,225.714941937707,5.626923076923077,42.29380882456977,0.78,1.395777837942767,7.736846852055269
30 A,8.21076923076923,1.026,0.3176923076923077,1740.404388340649,0.8505,7.111999999999999,1.495384615384616,8.7906,273.14,0.6996000000000001,62.09999999999999,297.0214,16.73846153846154,56.09699999999999,2.178461538461538,1.8088,7.918499634723834
30 B,7.947692307692308,0.7897851092574362,0.2484615384615385,439.6996448176132,0.6649713524844578,5.36957463937755,1.585384615384615,7.175440807883969,188.5970740380664,0.5347257408355331,46.34519882834459,237.4401918803968,15.63076923076923,38.46042790283636,2.019230769230769,1.362481727827815,7.912328569851838
30 C,7.061538461538461,1.026,0.2484615384615385,1477.029284016941,0.8505,7.307999999999999,1.536923076923077,8.5008,265.454,0.6996000000000001,69.1242,328.9004,13.95538461538462,47.61,1.818461538461538,1.8632,7.794082210787996
31 A,2.277692307692308,0.7608758438158876,0.4146153846153846,610.4499999999999,0.6782333483196797,4.214728722294576,1.232307692307692,5.623766981863756,170.5296001895699,0.4520733121561385,51.37849422978191,282.2224142311921,4.373846153846154,43.99251571182855,0.5723076923076924,1.047111656018209,8.19121276942402
31 B,2.374615384615385,0.6186766499412795,0.3592307692307692,373.3857524203841,0.6277157342842378,3.343388268321254,1.073076923076923,4.712271657125983,135.6173018028584,0.374,37.27378500631753,151.0244782218296,4.747692307692308,29.46299192402548,0.6,0.8704000000000001,8.677433659016014
31 C,2.596153846153846,0.6861577945964232,0.3453846153846154,419.775,0.609056438243437,3.331433928635317,1.294615384615385,6.095244856959129,187.9179780870265,0.4460528183170845,44.53478039192216,170.2708019066373,4.996923076923077,33.71727102002747,0.6553846153846155,0.8768000000000001,8.380527206504542
32 A,6.12,0.7577812274121098,0.2484615384615385,505.5604684671864,0.6532443869277386,5.280273832849441,1.135384615384615,6.3161426199517,188.3880391660865,0.5333154056504847,47.77474012520818,268.1734393102656,12.75769230769231,39.90712723346155,1.638461538461538,1.404938092846093,7.960558268117961
32 B,7.594615384615385,0.7859366864584404,0.2415384615384615,515.397046026953,0.6728841517226815,5.835902947760253,1.363846153846154,6.866722676295193,277.634,0.647962348153896,47.02232567525494,286.0861717331682,14.97307692307692,42.21634487895891,1.95,1.505841537825555,8.011576573972363
32 C,8.723076923076922,0.7551799078263073,0.2346153846153846,578.6704875456393,0.6628140720404726,5.340602888316118,1.509230769230769,6.357591752455006,189.9899937489297,0.5458940111487494,46.97646800214003,291.4009758037951,18.06769230769231,42.11941854964168,2.393076923076923,1.400779392340706,7.992284473923486
33 A,2.866153846153846,0.6916738252238627,0.3107692307692308,356.885616002775,0.6305725687941613,4.368037818211229,1.460769230769231,5.378419076900567,211.8571651687704,0.6035049414062152,39.60023914861507,189.046761865626,5.827692307692308,35.50182268936772,0.773076923076923,1.222322949265244,8.084964760047724
33 B,2.693076923076923,0.8080016493094607,0.3315384615384615,641.1135375483816,0.7397682570554754,6.63921414005216,1.453846153846154,8.407952649336298,234.7110407307236,0.6376939466919649,54.781199207963,281.0606,5.197692307692308,56.68391768634374,0.69,1.59131928167211,8.240518008903276
33 C,2.492307692307692,0.7412141280826852,0.3315384615384615,623.5,0.7195776450352719,4.111165738409407,1.246153846153846,5.642370604063949,180.986372201573,0.4784508412410527,45.52500172409723,228.5256309045544,4.803076923076923,38.97435846476674,0.6276923076923077,1.031142215608362,8.305315582838853
34 A,2.706923076923077,0.71421426965212,0.3176923076923077,377.6784850789302,0.7125777718883886,3.918133581296357,1.239230769230769,5.144313698214653,137.8589124899072,0.4913199686232022,40.08735200785006,249.9584921933589,5.26,40.26807152503243,0.6969230769230769,0.9730071308001745,8.237432187399811
34 B,2.277692307692308,0.6799776043224145,0.4007692307692308,305.8754423102865,0.6639102568354263,4.015258625776574,1.17,5.193123127514333,189.3585321213696,0.6141411008660812,40.33683025950415,247.9955760026675,4.103846153846153,29.12534142658708,0.5376923076923077,1.105855224059,8.099026841228378
34 C,2.346923076923077,0.8134786224593793,0.3592307692307692,525.5726715615425,0.693345608837628,4.143451497432539,1.419230769230769,5.76198730761349,201.6686791072543,0.6362750863809398,56.80791700597116,246.6555892432039,5.010769230769231,43.71213651768527,0.6276923076923077,1.450785709600382,7.575223186364425
35 A,5.704615384615384,0.7710173535398686,0.3246153846153846,381.720786767529,0.6481223268959703,5.38647767119194,0.9761538461538463,6.689718687018168,188.4389737443326,0.5231865921125985,47.21524912869887,219.0909488201014,11.65,41.38121845889592,1.437692307692308,1.38991851866611,7.979390488103557
35 B,7.234615384615384,0.6877215702144882,0.2415384615384615,337.3511302538012,0.5892159023348887,4.372200959703997,1.315384615384615,5.613201133144479,165.2659536335781,0.5131306190356892,37.50303520841766,193.3283685032087,15.07692307692308,36.47222609563043,1.956923076923077,1.203714306737375,8.100380623019229
35 C,6.902307692307692,0.7459987798764173,0.2415384615384615,429.6640168815402,0.6391177089041783,5.117697849424324,1.100769230769231,6.386947838710133,184.1628979171898,0.5354503485110897,43.94900245836781,230.4137054480157,14.21153846153846,42.06837897875442,1.811538461538462,1.328488616777605,8.020776540335424
36 A,0.8910000000000001,1.0395,0.2138461538461539,1184.902877036629,0.8775000000000001,6.383999999999999,2.256923076923077,10.4052,246.4779931159684,0.5940000000000001,88.5546,291.526,1.539,57.8082,0.2025,1.8496,7.55035260975366
36 B,0.3645,0.7288759762498714,0.29,338.153154615518,0.608602261576124,4.617373524353717,1.426153846153846,6.320468077354548,194.7194379028317,0.5433091829476758,41.01073950361506,196.8942547164737,0.783,37.53964213713583,0.09450000000000001,1.26112822392955,7.92482648068241
36 C,0.405,0.7786300387983193,0.2692307692307692,331.5319797563828,0.6391723928191082,5.210392920017521,1.35,6.513506969402282,206.944842209541,0.5402269836602852,47.05442838418188,201.8541274922721,0.8235,39.29713669904201,0.108,1.372879687250262,7.853978566961163
37 A,0.2835,0.7683701283143167,0.3038461538461539,345.3993140947815,0.6436043405565686,5.030338174422449,1.613076923076923,6.84844599492676,171.8276297562799,0.5096125675963439,45.38415772211385,205.3517557013416,0.5805,39.91336365938062,0.0675,1.313871235155298,7.917366017228422
37 B,0.243,0.7237957521175987,0.2830769230769231,332.3461538461539,0.6064003226016128,4.624512608021125,1.322307692307692,6.329219466491479,192.0582889710461,0.5346083503096407,41.0161756977959,194.9016420729215,0.5265000000000001,37.28354467777807,0.0675,1.260086522044634,7.964545454545453
37 C,0.297,0.7974130963958032,0.2623076923076923,369.5012022241888,0.660741525649201,5.207874094291221,1.419230769230769,6.92070238844255,135.7092012571349,0.4948950268177713,45.48472731445968,215.1051218987447,0.6075,41.31934344494643,0.081,1.353407679842989,7.796973148260076
38 A,7.906153846153846,0.7981016809920451,0.2553846153846153,419.0157022931204,0.6652064933186563,5.55761567947969,1.35,6.867533578566094,199.3381972026898,0.5473608595781279,48.90499948658167,231.1687564346275,15.21538461538462,43.1809382051198,1.991538461538461,1.426079077615648,7.865379650701382
38 B,8.113846153846154,0.8276343092308591,0.2830769230769231,673.6281725154652,0.7177167226301029,6.087833009318903,1.356923076923077,7.368731554691135,215.6829369338861,0.5955824809160831,48.6154671164248,297.0214,16.24,46.9062,2.13,1.494081802877324,7.859873703795192
38 C,5.358461538461539,0.7568631146171207,0.2830769230769231,418.0783943562171,0.6392726466631464,5.074082314334554,1.17,6.34810522458529,188.8295102590852,0.5481483007353364,42.24728580159429,225.2095691657915,11.13769230769231,37.24282175264489,1.403076923076923,1.328815041193618,7.928832062312434
39 A,2.88,0.8837535878055198,0.3038461538461539,559.3318027581483,0.7623455498049296,6.203207874954524,1.315384615384615,7.228957649282655,278.1799209227342,0.7025156650080377,57.61682060065004,260.3458529578825,5.675384615384615,47.38343255965382,0.7246153846153847,1.572860742228456,7.568951473455722
39 B,2.748461538461538,0.9092870823495071,0.3315384615384615,533.0029329230058,0.7632338006661573,5.995160143709344,1.391538461538461,7.027817938701547,277.676,0.7168110797735793,56.63855229023933,255.342006198768,5.44,46.87694854095498,0.7038461538461539,1.556389583748805,7.301858125686534
39 C,2.589230769230769,0.8237323298521556,0.3384615384615384,442.7501219271758,0.7022719325825719,5.348528297448367,1.384615384615385,7.434127405639885,278.782,0.6961264766063266,63.14399238127452,230.312874981445,5.26,44.12791543782942,0.6692307692307692,1.441653714254983,7.561054150220479
4 A,2.215384615384616,0.7968162816089225,0.2830769230769231,416.2556030910948,0.7281233570382396,5.436661509472927,1.959230769230769,6.707949757244933,176.2010164355599,0.6336,54.01597950243631,235.0486857579853,4.484615384615385,46.45796616452297,0.5723076923076924,1.515407061982177,7.72195698676071
4 B,1.62,0.8140494619144415,0.2553846153846153,397.0402893342999,0.6625962477793353,5.617040136304439,1.737692307692308,7.49644198205984,243.0105576360374,0.6430510577152899,63.85676283239263,228.2897565458852,3.19,37.19710820278944,0.4061538461538461,1.51881409176455,7.757622078447656
4 C,1.1475,0.8061657248287458,0.2830769230769231,351.6681409107553,0.699342523759867,5.467011446607116,1.744615384615384,6.670271072862824,238.758472385627,0.643092637490216,63.65488301474856,212.3290278567218,2.349,42.92014839990156,0.297,1.505450073547988,7.780442641130621
40 A,0.189,1.026,0.4146153846153846,739.0682325229068,0.933645670443107,5.012,1.093846153846154,9.6462,264.362,0.5850334562526428,82.317,434.2076,0.324,42.573,0.0405,1.752278425750904,7.570523107002266
40 B,0.3105000000000001,0.9079784364297498,0.2484615384615385,400.925,0.7328950391707996,6.375962731868788,1.066153846153846,8.484366244019855,210.7819382596228,0.5025721688117121,61.34026468225449,222.4533478900233,0.5805,45.51939598472475,0.0675,1.598058873657849,7.751433196508064
40 C,0.6885000000000001,0.9494678771259046,0.2069230769230769,497.1819472177627,0.7778440302871276,6.369999999999999,1.744615384615384,8.753110488137487,140.9366818506188,0.5148,54.75366247933292,265.5116876658672,1.2285,47.29801731969837,0.162,1.584850791270949,7.408030189155239
41 A,10.52307692307692,0.7508188720501097,0.2415384615384615,408.0384615384615,0.6287891900692724,5.035463426261278,1.703076923076923,6.760955930255283,216.5431581469422,0.5556683808929938,42.31955621436615,221.9306624908641,20.80923076923077,36.74578710517311,2.773846153846154,1.321859068266631,7.951818181818181
41 B,5.600769230769231,0.7271009581795596,0.2692307692307692,395.1153846153847,0.6182284534009526,4.735824479383736,1.038461538461539,5.990368412893043,179.7998415450066,0.5396662547495191,40.80053999528863,214.6869860934099,11.88538461538461,39.66017029591979,1.5,1.266467977735155,7.983636363636363
41 C,5.566153846153846,0.7300848247632739,0.3038461538461539,434.5219098317035,0.6286776381454763,4.898268603792623,1.142307692307692,6.150869025974942,180.7608362765004,0.5397046509811988,41.76093430057321,228.8705135909169,11.83,41.47190533849424,1.486153846153846,1.288482424379789,8.02979255467317
42 A,3.094615384615385,0.8602273134529694,0.2969230769230769,576.9593860206973,0.7037018411440512,5.439602134306915,1.599230769230769,7.344450546064049,263.2635973082408,0.7260000000000001,47.8697966277658,262.1768691104101,6.367692307692308,48.10306864575558,0.8353846153846153,1.459639701887043,7.320352399522776
42 B,2.374615384615385,0.9139981194794946,0.3384615384615384,508.225,0.7461208583465132,5.374292655887516,1.287692307692308,6.810478824430973,280.84,0.7616058641080399,68.17675965487307,308.5563994251505,4.63,45.97978574513289,0.6,1.466256236302,7.261418270115152
42 C,2.603076923076923,0.8890762800216381,0.3453846153846154,558.9398213414806,0.9455961127352225,5.616481023843563,1.44,7.32424399652889,257.2660007047804,0.7128000000000001,54.38588732142239,258.9098673543966,5.225384615384616,46.11609856136442,0.683076923076923,1.507091460429986,7.268215402565867
43 A,0.4320000000000001,0.8212698096163062,0.2830769230769231,456.827387437869,0.6875835167260036,5.229160935043984,1.460769230769231,6.993024756139812,156.6723580862924,0.5940000000000001,42.01965545328068,236.0655492424115,0.9180000000000001,41.33835860833068,0.108,1.391522084565352,7.630012508737721
43 B,0.3645,0.8296318362282948,0.2761538461538461,396.0132489256325,0.688330518408193,5.398647049196407,1.564615384615385,7.351242174276935,149.156460718541,0.5462813961898891,44.06804016597049,222.782483662529,0.7425000000000002,37.73076245446018,0.09450000000000001,1.417665621834118,7.666339827715789
43 C,0.3915,0.8023141598253712,0.2415384615384615,408.175,0.5912843618182998,3.696,1.446923076923077,7.504436700161616,213.2955561657428,0.5117568472232074,58.33254973694861,251.9089863987408,0.783,38.56563317908289,0.09450000000000001,0.9540010068447191,7.933786153142688
44 A,6.438461538461539,0.7679547587839838,0.3315384615384615,497.35,0.6461110707328198,5.255946821940481,1.093846153846154,6.616645744365989,186.5247710042031,0.4901965498534138,47.56277415029265,204.9259372183426,12.93769230769231,40.26517777180511,1.617692307692308,1.380144742971431,8.093401325505736
44 B,5.787692307692308,0.735746520332373,0.3107692307692308,390.3402035034977,0.6262943308531144,4.946377196517269,1.066153846153846,6.215087593195497,180.2151035019733,0.528247215447981,42.73491909130994,216.3053822320438,12.23846153846154,40.18998764928278,1.513846153846154,1.301472195993479,8.020776540335424
44 C,9.13153846153846,0.7397250091106587,0.29,378.1177668278033,0.6245535595611789,4.900277694604966,1.287692307692308,6.171298042366074,181.9350736345445,0.5331004991322932,42.59901423678853,211.7028802020998,18.18538461538462,39.65387656925997,2.406923076923077,1.303843077731014,7.974804301323928
45 A,2.464615384615385,0.9554787939293848,0.373076923076923,737.9192382553371,0.799839059460017,6.292282686256964,1.460769230769231,7.233576827051823,284.704,0.7260000000000001,72.51318992579867,277.8514,5.05923076923077,51.888,0.6415384615384616,1.613755277070827,7.1126977878455
45 B,2.61,0.8840621496731209,0.3107692307692308,554.0092612769668,0.7047520777988032,5.609640386130417,1.433076923076923,7.287531194934682,279.678,0.7478155898613642,65.42959676251756,259.2478548766805,5.273846153846153,48.44352087851233,0.69,1.493100165866747,7.291293498084271
45 C,2.312307692307692,0.893997841809875,0.3592307692307692,536.6704430737211,0.8166592013120157,5.390681993238456,1.315384615384615,6.319160693389124,260.3233896451807,0.7051467385409829,53.83636750942322,300.6523636901018,4.477692307692308,42.06045933853181,0.5861538461538461,1.392577330804931,7.444129933199134
46 A,0.4590000000000001,0.8522550340164818,0.2415384615384615,517.4361961389482,0.7011265342389503,5.706252857459029,1.661538461538462,7.620198104952928,181.8885413217466,0.5606041122206451,50.48297102288861,257.2685480088333,0.945,47.30338693219885,0.1215,1.467359763712816,7.626841596283117
46 B,0.243,0.7968775305987263,0.3315384615384615,507.5915543380133,0.6652019363257455,5.295977126477316,1.308461538461539,7.187683737127767,253.2462782361003,0.6283246128861126,47.26247234267572,247.2127802403641,0.5535,43.82235658408138,0.0675,1.412087126918089,7.706699217415526
46 C,0.297,0.7790739742218619,0.2761538461538461,447.4858890603529,0.6833201878576648,3.781943628591248,1.149230769230769,5.401627096191518,196.4103854779407,0.5658386621116591,56.48837111305252,327.9348243892645,0.648,36.54051680575412,0.081,0.9569445501436319,7.775933503970736
47 A,4.970769230769231,0.7797394250922643,0.3107692307692308,427.7639097042173,0.655062627099158,5.353565110793377,1.128461538461538,6.645654306371825,194.8993835816006,0.5488659918599715,46.7305218142392,231.2950996276063,10.23769230769231,42.76841303041708,1.278461538461539,1.380092476661996,7.897105856506908
47 B,6.909230769230769,0.7409491595039774,0.2623076923076923,450.8076923076923,0.6292629413200252,4.967235212041774,1.114615384615385,6.222507998252365,200.3911352058931,0.5572805811554032,40.64292776762228,233.7437510343869,14.23230769230769,37.76924977485172,1.853076923076923,1.302960307301773,7.983636363636363
47 C,6.203076923076923,0.7663502801653408,0.2415384615384615,427.5544113919265,0.663545265357561,5.206868528907222,1.211538461538461,6.270760670514435,189.5387622796978,0.5296757051054182,42.05009807113947,227.7073077543025,12.64692307692308,37.54141765679734,1.624615384615385,1.397989357413704,7.88285982330094
48 A,2.478461538461538,0.8823959155880752,0.3661538461538462,516.5337186083847,0.8158516267835771,4.830927063155722,1.405384615384615,5.986706367111633,217.6803737486382,0.6252232822645535,51.09706252227331,295.1996877316657,4.754615384615384,45.85308607587785,0.6207692307692307,1.21916266446636,7.506595888935022
48 B,3.136153846153847,0.8628330931821684,0.3592307692307692,459.2064334559277,0.7057865065177515,3.976,1.557692307692307,7.580461039451417,254.6254167172507,0.6780539374889,67.76119025746146,253.9603675917798,5.903846153846153,42.16843670540121,0.7938461538461539,1.068532043708597,7.535485764741126
48 C,3.004615384615384,0.8040694141594739,0.3523076923076923,505.8349728647179,0.6740829241087158,5.069084605302102,1.53,7.160409611071109,220.3395243779236,0.6841516116978155,45.50448856669524,243.9626059935622,5.910769230769231,45.1757297913388,0.7938461538461539,1.333231412415312,7.66054302637872
49 A,0.675,0.8456461971567895,0.2069230769230769,622.9374317170757,0.7146188710361091,5.281846636001399,2.353846153846154,7.733171130100629,290.7913026464263,0.7576764023188941,60.50863116996599,274.1814446534688,1.4175,45.59513378534841,0.189,1.364790875089958,7.591308739823511
49 B,0.4725,0.8443348092194846,0.2,646.4509385798339,0.6432420668752854,5.586735202981447,1.516153846153846,7.458097952586225,294.966,0.8433522117552511,65.54158795258829,301.7420292552256,1.0125,45.60059416490516,0.135,1.509363277351322,7.528883043302306
49 C,0.297,0.7780711481521585,0.2553846153846153,434.8346007830023,0.6605772173562283,4.822384349283242,1.536923076923077,7.171674231811521,230.8687465859782,0.6782926641691216,58.4160933385389,224.9218993448402,0.6345,38.80735651897842,0.081,1.269412416742854,7.859873703795192
5 A,1.134,0.739038071900625,0.29,373.4712933767972,0.6824954524194369,4.72756432636184,1.841538461538462,5.975864018155266,121.7269483708244,0.5298799163917486,51.08895848925784,214.5829416036552,2.457,42.11627977174373,0.3105000000000001,1.329324350846689,7.914402077081155
5 B,1.0395,0.6958783138133693,0.2623076923076923,361.775,0.5859463484596863,3.713279517488978,1.938461538461539,5.537557339407565,183.2513307180748,0.5786930118007929,33.05876609989307,172.9916179120749,2.187,39.27571441889266,0.27,1.3888,8.194774553653549
5 C,0.675,0.7676571851206228,0.2761538461538461,316.7309486008393,0.623122222726933,5.174738806136089,1.654615384615384,7.112346128583813,192.8043659595477,0.5242749275547678,58.20388315770033,194.1670271144646,1.3635,33.66083873255427,0.1755,1.388250104231568,7.933786153142688
50 A,5.316923076923077,0.7708490328607873,0.3246153846153846,385.6162955485092,0.6463241374933584,5.312199757413432,0.9484615384615385,6.610787563598441,189.7225496250741,0.5318375815178065,44.7106260848365,218.9399386227791,10.86769230769231,37.00715166224914,1.347692307692308,1.37248870791252,7.946587006680086
50 B,0.2565,0.7377969722411819,0.2969230769230769,396.4085805601386,0.6444728017477251,3.134078659672141,1.204615384615385,6.312848236393733,171.1614755813437,0.4923786036286404,40.24604818884132,267.242704034345,0.5805,40.09389909261063,0.0675,0.8448000000000001,7.880789206746308
50 C,2.270769230769231,0.8852282665148741,0.3869230769230769,567.0240215066196,0.8117628331048591,4.899999999999999,1.308461538461539,6.566867229176034,254.4776672562846,0.6469224524582252,63.686626817716,308.8204155762947,4.456923076923077,47.50067614346898,0.5723076923076924,1.262530473015791,7.614555808416593
51 A,0.7425000000000002,0.8372132860585779,0.2623076923076923,654.1983558731839,0.7249523556410006,5.902260231478325,1.453846153846154,7.784135123593182,202.8524921259813,0.5859085003884182,51.4119910363198,297.0214,1.5525,52.21786978113929,0.189,1.459034321895907,7.8013949344868
51 B,1.1475,0.8527905998135588,0.2692307692307692,483.38875053181,0.6950794046462844,5.787832143333392,1.35,7.617614374114801,237.6204690428875,0.6125546181482115,52.04258956129915,251.0822485508516,2.349,46.15884358206191,0.297,1.483975264198989,7.581163680512121
51 C,1.869230769230769,0.8718567421894977,0.2761538461538461,701.3658415643444,0.7253998126777552,5.737191006291316,1.53,7.619771617639199,252.0806118499607,0.670117057631978,49.00408652261302,291.0574,3.813076923076923,47.09465909582504,0.4892307692307692,1.471750712938474,7.475918262231496
52 A,5.386153846153847,0.7443920824851864,0.3107692307692308,435.999699814552,0.6404665788057827,5.234432666318724,1.163076923076923,6.377376157621625,179.596483783315,0.4981903830709565,42.49826893456635,240.9223440551089,11.29,37.90297335733811,1.41,1.389462067566386,8.04376265984117
52 B,7.677692307692308,0.8206719538688589,0.2969230769230769,511.1843160886059,0.6934370644012227,6.035427182311699,1.446923076923077,7.103270536125043,203.65917139922,0.5281164060421025,50.15549818875895,279.7562856233766,15.02846153846154,42.29124700138384,1.936153846153846,1.540516916290315,7.865379650701382
52 C,6.002307692307693,0.6613503868758188,0.3038461538461539,458.2,0.5772093379211325,4.083576580875465,1.107692307692308,5.36453483996448,154.8968722787351,0.4683422763553166,33.57488498385885,180.0659286067206,12.97923076923077,31.36656286421518,1.638461538461538,1.159335906831318,8.293495403827253
53 A,0.513,0.71720731976785,0.2830769230769231,352.1878516061033,0.6570469384307841,4.323730896573116,1.723846153846154,5.976284925631867,140.051819045048,0.6204,46.40241682394102,188.7431768351324,1.134,38.60656304768835,0.135,1.218420067576843,7.92277425933031
53 B,0.4320000000000001,0.7664267895649229,0.2207692307692308,441.431410960549,0.6491731225819201,4.613941404729831,1.578461538461538,6.402301234755326,231.7396209244667,0.6871207876478851,43.81413341665166,241.3514802494235,0.945,39.77237549901486,0.1215,1.27238174560482,7.714243615550778
53 C,0.3375,0.7438979213153416,0.2484615384615385,324.1972500048178,0.6484128945014843,4.796219997579047,1.578461538461538,5.949998276885715,243.1900381854474,0.6828617402159849,50.32815320220208,195.7276469705366,0.6885000000000001,41.20743274671591,0.081,1.364428255890948,7.905845942806687
54 A,2.049230769230769,0.8406940478361649,0.29,515.9779085746305,0.8091229828668358,5.6168032678054,1.89,7.896806064629047,249.0900696892658,0.6883207746548794,79.79135256354994,366.3925465103119,4.256153846153846,38.87298660219616,0.5584615384615385,1.485226412620412,7.553693704110539
54 B,1.793076923076923,0.7991728125861985,0.2830769230769231,506.3341019563197,0.6607451972589578,5.090665773157236,1.523076923076923,6.655328715002392,226.482321177919,0.6284190239605281,41.96933574099991,245.5545503169627,3.695384615384615,40.32887444653409,0.4753846153846153,1.382245554510956,7.598393257895484
54 C,1.550769230769231,0.824719757518694,0.2415384615384615,403.1,0.6585278825825331,5.598739620702329,1.820769230769231,7.529281078329968,209.7712963777358,0.5707302671081745,61.23290282819376,215.0946296167064,3.044615384615385,34.90219172601459,0.3853846153846154,1.559811846614473,7.865379650701382
55 A,6.646153846153847,0.9081221975915647,0.3453846153846154,963.7174810216088,0.8223589508413973,7.111999999999999,1.322307692307692,8.7906,244.2858231042943,0.637957086634118,62.09999999999999,297.0214,13.47076923076923,47.058,1.707692307692308,1.73255404021098,7.94289414349309
55 B,7.123846153846154,1.026,0.2830769230769231,3725.631819212758,0.8235,7.125999999999999,1.287692307692308,9.3288,265.314,0.5544,51.4878,336.1708,14.84846153846154,47.8584,1.887692307692307,1.8904,7.918499634723834
55 C,6.175384615384615,1.026,0.2969230769230769,5000.0,0.8640000000000001,6.776,1.142307692307692,10.1292,268.884,0.7788,58.66379999999999,298.91,13.34615384615384,43.8426,1.652307692307692,1.8224,7.937480172599558
56 A,1.1205,0.7607650939958239,0.2484615384615385,433.2098162865058,0.6391164027236194,4.656974062096643,1.62,6.301270551571163,185.2713480520337,0.5540170080758957,39.39165116436138,233.3841932739654,2.457,37.1657017349015,0.3105000000000001,1.291602408163697,7.737413687081838
56 B,0.8775000000000001,0.8007795099774297,0.2346153846153846,447.0068672053698,0.6802214210014114,5.003594393007103,1.516153846153846,6.596154323545871,148.6101979086649,0.5903114101432486,48.12134900531374,248.6484805655099,1.836,40.61259025263982,0.2295,1.338081039927473,7.698970867254962
56 C,0.3780000000000001,0.7600765093995822,0.2553846153846153,448.4463579722585,0.6542077443301938,4.6606554448308,1.433076923076923,6.394738655039878,207.0346483020211,0.6811641975744449,40.20268968428154,227.6665478613753,0.8505,39.37017572116688,0.108,1.254323656646209,7.760583758612897
57 A,4.59,0.7579342462112747,0.3315384615384615,450.2195422950178,0.6473294101294865,5.204563630365258,0.9969230769230769,6.476542359026399,188.3746906715903,0.5408343617665607,42.23008334399523,236.7609468095724,9.794615384615385,38.55329728251809,1.202307692307692,1.345789110826288,7.974804301323928
57 B,4.333846153846154,0.7355016902537093,0.3246153846153846,418.540558389405,0.6176194891515215,4.857740854432993,0.913846153846154,5.864039988091462,182.5201151955434,0.5376576261262056,36.65260463438301,226.253913973978,9.496923076923077,36.59786988588788,1.167692307692308,1.355651406719619,7.927018978593239
57 C,5.891538461538462,0.795377946366911,0.3315384615384615,424.6395499145398,0.6643643610287359,5.532659118698006,1.149230769230769,6.839061209533074,198.2137321150152,0.5432686828550527,45.86870490086633,232.4995714006714,11.85076923076923,38.80631039284718,1.486153846153846,1.414098220236046,7.871724891862487
58 A,2.893846153846154,0.7956900307921787,0.38,368.3205202324992,0.7334670734123059,5.947672791379069,1.467692307692308,7.139718543675737,211.9864803293294,0.5549729107291764,51.39419280478518,207.1154320957826,5.516153846153846,34.6764894044935,0.7315384615384616,1.569413079638988,7.826083766496555
58 B,2.976923076923077,0.792527271649268,0.3038461538461539,371.1398382408095,0.6878686115611904,4.572763634343393,1.509230769230769,6.37951794480487,139.4146853004447,0.492937892847194,58.19775159008681,196.7984673736878,5.800000000000001,39.66553298947549,0.7523076923076922,1.589799738545772,7.848904329179522
58 C,2.083846153846154,0.8312548217675074,0.3661538461538462,472.5397430709045,0.7913983817691024,2.24,1.142307692307692,5.616755929035219,252.9291526924725,0.6378337008374736,57.70861235926984,270.9356609260008,2.975384615384616,41.87905056102336,0.3780000000000001,1.3696,7.630012508737721
59 A,0.4455000000000001,0.7844738069048799,0.2830769230769231,497.5741361700487,0.6446846725111999,5.018386626510954,1.62,6.91539229052704,265.2797218987313,0.6498346198669409,57.60216823428564,241.735866711997,0.9855,43.07054920402039,0.1215,1.361601247572502,7.714243615550778
59 B,0.4455000000000001,0.7297812158725929,0.2761538461538461,372.1648685187738,0.6067858442018685,4.494365700460032,1.509230769230769,6.339209988761889,186.0178095057994,0.5320970237962823,49.48097382371827,201.0062866840896,1.0125,34.57721867262595,0.1215,1.264516541812076,7.876434116268192
59 C,0.324,0.8972578628508611,0.2276923076923077,711.8660824539012,0.7483169300262985,6.4167029108375,1.128461538461538,7.731781742843856,257.446812937682,0.6625349527265916,56.39788713252837,297.0214,0.6615,54.17951162163914,0.081,1.583896913180423,7.530799560617447
6 A,7.816153846153847,0.7783982918269842,0.2484615384615385,543.025,0.6491618203551485,5.462453241063617,1.343076923076923,6.581298169526137,267.484,0.552343145607874,50.60343285536923,228.1375042226409,15.09769230769231,37.2226665700009,1.963846153846154,1.474617536348877,8.0705991580253
6 B,9.193846153846154,0.764420024523276,0.2761538461538461,562.6,0.6487427341388217,5.315090802563468,1.578461538461538,6.673398101560189,184.9217476173506,0.4857733039639142,47.78783258938009,210.8063104001298,17.59692307692308,40.96529192544345,2.316923076923077,1.385689157684591,8.139005660466607
6 C,6.853846153846153,0.6715529153101345,0.2830769230769231,501.7,0.5864440840549211,4.200042296378514,1.128461538461538,5.860277966537019,175.9404586364232,0.4860941408892609,37.13180475606584,189.0651737523287,14.67538461538462,35.5824761240587,1.873846153846154,1.180782445734224,8.270325332296196
60 A,5.815384615384615,0.7417907628993842,0.2761538461538461,400.2283388404392,0.6242592257287399,5.075734559820162,1.08,6.119451614220615,265.454,0.5843853437989817,45.55996263485925,233.7997600978334,11.93384615384615,36.34628940762651,1.520769230769231,1.36796700974849,7.997790420829676
60 B,6.410769230769231,0.8239924618107359,0.2692307692307692,528.4609447614305,0.6830115280243753,6.091583267327936,1.543846153846154,7.585146988950945,231.271743129935,0.5714313365073448,47.13542939070147,288.0521042218821,12.49461538461538,42.41254612592303,1.617692307692308,1.567903112036824,7.848904329179522
60 C,4.742307692307692,0.7790814442558556,0.3176923076923077,387.812123193143,0.6442614547271941,5.470548385435947,1.142307692307692,7.031149767390091,219.2306969194302,0.522297988308798,47.83622511225192,234.8666224957057,9.718461538461538,37.13874586244685,1.195384615384615,1.446632964875264,7.917366017228422
61 A,2.893846153846154,0.7165901960326482,0.3107692307692308,308.9639458747108,0.8351109629061679,4.990016195079587,1.543846153846154,6.328839868080487,161.0993380507639,0.4887193144466226,51.25149276061838,181.4015749928329,5.613076923076924,35.89607271074352,0.7523076923076922,1.406721840934234,8.04376265984117
61 B,2.187692307692308,0.7916478703266046,0.3661538461538462,475.3172574761001,0.6628078471409338,3.921329148370949,1.204615384615385,4.867384497025973,208.929263997055,0.5767207150925145,41.11813414989724,301.5964911314223,4.560769230769231,42.00302394906051,0.5861538461538461,1.014536221167137,7.644733400957602
61 C,2.395384615384615,0.8142850730011163,0.3523076923076923,493.3460367367692,0.6686911398951362,4.084306280888486,1.190769230769231,5.445226332143293,236.5088286156483,0.6492697120150369,56.99943241190761,278.7565556745291,5.066153846153846,42.13140649407508,0.6346153846153847,1.056363107373403,7.626525461588188
62 A,0.27,0.7720884851340223,0.2553846153846153,386.9618497649659,0.6823529086508722,2.926,1.280769230769231,6.728621408201478,126.1977476190322,0.446455970050688,41.57519766606063,215.3253745293306,0.5805,42.57288253610449,0.0675,0.8704000000000001,7.790915345277951
62 B,0.189,0.7490663325976592,0.3453846153846154,317.3408305575445,0.7401791948704926,3.5334942322909,1.218461538461538,5.341742770229862,123.426,0.4997371622367805,53.38426753323629,261.5208097260768,0.3915,34.12044479577865,0.05400000000000001,0.9279999999999999,8.047796990544864
62 C,0.2025,0.8054006777122079,0.29,388.3002766153313,0.7645812015117335,4.086170594145492,1.017692307692308,5.578331222112648,139.4991648231287,0.5046366350767191,43.57498777954531,280.3737273752316,0.4320000000000001,44.85406978554474,0.05400000000000001,1.03450675791032,7.757622078447656
63 A,4.340769230769231,0.8318423262078922,0.2761538461538461,418.7415062342218,0.6905791879605202,5.492389011754548,2.305384615384615,7.413759512025093,149.0105087912686,0.5808,46.53831556320163,225.6682098116288,8.036153846153846,41.0691419156591,1.091538461538462,1.436831574699538,7.660160143377463
63 B,2.312307692307692,0.7924468261926715,0.3384615384615384,403.0614016362701,0.7142777626657905,4.557157810770041,1.232307692307692,5.424843490046281,215.6353359378832,0.5969434535288598,53.61198550677686,242.8842067362048,4.768461538461539,41.15396645737255,0.6,1.618791332245799,7.767929225772204
63 C,1.377,0.8027126687094613,0.2830769230769231,478.0885813902811,0.7038509820130828,2.758,1.176923076923077,4.798280642968643,170.1759745873741,0.5301535035943221,54.55245689985737,300.6815052931259,3.19,40.97732444208421,0.3780000000000001,1.3568,7.621563329426542
64 A,8.556923076923075,0.718966555325356,0.2692307692307692,414.7,0.6038740432906771,4.753966764874378,1.488461538461539,6.298836195433975,194.6379004779271,0.4736704759348636,37.90118333866885,197.2972476864433,17.18153846153846,32.6402097511672,2.226923076923077,1.34592464687786,8.168584200097758
64 B,9.983076923076922,0.7113400218655811,0.2346153846153846,338.4620031930837,0.6178281269614202,4.792942317200669,1.606153846153846,6.371293800992682,191.2077136205826,0.4984179974579138,40.16919900332779,197.83521068704,19.91615384615385,33.32472076522588,2.635384615384615,1.31675880383661,8.089734898852663
64 C,8.224615384615385,0.7411550462982538,0.2830769230769231,440.075,0.6258625740027853,5.007012799217189,1.315384615384615,6.359451756796755,176.1742096006641,0.472058170007931,45.28185579588904,188.8033184603663,16.06692307692308,37.90165912551097,2.081538461538462,1.339908089468774,8.168392206741052
65 A,1.4175,0.8500740599568647,0.2553846153846153,416.0500835330864,0.7275319495108884,5.652924104069512,1.225384615384615,6.682846048393189,201.9144375467245,0.5760309992010428,51.31329439407576,229.6151531496705,3.065384615384616,42.36125744881061,0.3645,1.46308866358852,7.575057576983923
65 B,1.550769230769231,0.8455227724097493,0.29,432.8451999235083,0.6882306050829279,5.697261198465981,1.266923076923077,7.489986751192427,223.2725562159894,0.5882623804060958,50.71648094650548,230.6258130824143,3.245384615384615,41.71152893328387,0.3853846153846154,1.487720817841324,7.620698702349856
65 C,1.592307692307692,0.7885380060442425,0.3246153846153846,426.1123827609056,0.6713718910227107,4.753547608770402,1.17,7.038950240852852,209.210797839709,0.5258997798526707,45.95133398164982,282.9055788387383,3.439230769230769,43.42435752322117,0.4061538461538461,1.24008401830708,7.744943106266456
66 A,0.7020000000000001,0.8189887470780457,0.2207692307692308,459.2103766326753,0.6832134625256066,5.246763915910372,1.419230769230769,6.453383495672396,238.4191445558816,0.6833890259588483,52.50887514343225,253.2422545836711,1.458,41.57091112812474,0.189,1.40898115830639,7.607026389231973
66 B,0.3105000000000001,0.8169229932893203,0.29,444.6659247268312,0.764314786440874,5.918750149705531,1.287692307692308,7.21829357864663,234.281078604204,0.6079746438385966,53.0644651837388,263.016778995961,0.648,37.42258571191728,0.081,1.536135647424444,7.691058565069087
66 C,0.3105000000000001,0.8707397049555944,0.2276923076923077,532.7067677365128,0.8383082303554894,5.632992227525592,1.419230769230769,7.877132867347218,257.6226910882547,0.6692426999336563,50.46829327663585,288.9306865842485,0.6210000000000001,39.41024115941337,0.081,1.410345861517916,7.552237014300956
67 B,1.4445,0.8658878556714188,0.29,433.4300886621809,0.7377350201479403,4.533515225691334,1.197692307692308,5.457502555597258,200.5947090192436,0.5302676016052089,51.1455914277258,305.9013774412533,1.7685,42.31771440232008,0.2025,1.154864478628303,7.506595888935022
67 C,1.485,0.8276724683690281,0.2761538461538461,367.9580563103428,0.7553809467271045,6.011054319660297,1.246153846153846,7.07817464409381,190.436621351552,0.5365734615140946,51.11249261034514,250.5660379685497,3.093076923076923,35.35654046565273,0.3780000000000001,1.582712600737222,7.660160143377463
67A,1.4445,0.8083637425140766,0.3107692307692308,378.1752008277707,0.7219600264016244,5.15705546517726,1.176923076923077,5.826802867521812,199.8001816954425,0.6312293879228291,60.4635290747616,297.158607881342,2.7675,36.4495028767633,0.3105000000000001,1.368448699896864,7.705764478338334
68 A,6.798461538461539,0.7361137654503683,0.2623076923076923,396.2946850128153,0.61898208798702,4.963828619741444,1.142307692307692,5.987902663996589,263.816,0.5748278769832188,44.84542288923286,231.3890824627375,13.99,35.00141864950486,1.804615384615385,1.349104801791287,7.987568364456263
68 B,7.276153846153846,0.7659983369272618,0.2623076923076923,350.7263146269621,0.6566157924664979,5.305264098477553,1.433076923076923,6.839131315702937,199.8613887256961,0.5099342844157536,44.01671480535588,207.1858102359797,14.08692307692307,34.82185571737052,1.839230769230769,1.418595078672214,7.940186579911388
68 C,6.846923076923076,0.7401381598684039,0.2207692307692308,308.8635935088788,0.6677469257265836,4.846016676172818,1.343076923076923,6.78331666714598,125.7606657189502,0.5150164565279081,52.48657523427345,204.2008527722246,13.49846153846154,36.48951070079601,1.763076923076923,1.321898465150716,8.031468830643254
69 A,0.54,0.8083102111770618,0.2692307692307692,371.2213700908561,0.6432870226513973,5.777956308265265,1.53,7.076457997947349,250.5553784902075,0.6585164791052508,65.91141601327091,218.6278707989266,1.134,42.11030623284284,0.135,1.568803494257155,7.77417098077964
69 B,0.4185,0.817831454961462,0.29,384.6025789265369,0.6525363099070113,4.271978158048817,1.26,5.427831078124122,248.606441207759,0.6910466467255498,56.12385011405942,243.1724078280539,0.8640000000000001,39.06562250564472,0.108,1.129939419083334,7.757622078447656
69 C,0.4995,0.8176442076719938,0.2415384615384615,427.3212599487387,0.7376016898763568,6.166940411457285,1.758461538461539,6.835591044277277,290.5693224862563,0.7654336748909705,67.28260254227189,217.6449493069072,0.999,42.72387983900434,0.1215,1.611663877336593,7.796973148260076
7 A,2.928461538461538,0.8056350569254277,0.3938461538461538,389.325,0.708067796914243,3.995773405487583,1.308461538461539,5.876334248275768,204.6077001923112,0.5518265848107737,48.78387657576874,232.9300763456646,3.605384615384616,44.20464714056122,0.4892307692307692,1.373986612748058,7.851317569520726
7 B,2.644615384615385,0.7000821361159913,0.373076923076923,330.28388426628,0.5867350753942348,4.414685558426019,1.405384615384615,6.016023292334087,185.0514541969885,0.5380792600804093,37.24203527266354,187.1868928302871,5.211538461538462,34.61916551057923,0.7107692307692308,1.254271368491168,7.992284473923486
7 C,2.52,0.6966124350552845,0.373076923076923,336.4,0.6207527819926562,3.12517817846607,1.280769230769231,4.801338817203145,213.3999481739397,0.5538466995318879,39.4313894277554,175.97954366594,4.99,33.88306486738641,0.6761538461538461,1.3568,8.10813483157878
70 A,5.178461538461539,0.9442652379542997,0.3246153846153846,1020.859092950756,0.8438734257719882,7.111999999999999,0.9969230769230769,8.7906,256.3351454555861,0.654993176222619,62.09999999999999,297.0214,10.62538461538461,56.09699999999999,1.306153846153846,1.79228970834134,7.826083766496555
70 B,5.593846153846154,0.8051405457536276,0.2346153846153846,590.7695354018705,0.6792316876467144,5.901005340148112,1.031538461538462,6.90127517879715,274.82,0.6827283305074121,61.34478326699163,285.3919169998476,11.61538461538462,44.94605739804531,1.5,1.539791428386474,7.88285982330094
70 C,8.086153846153845,0.7470676926979831,0.2692307692307692,454.575,0.6299239483646297,4.955739340529244,1.26,6.298736353642553,181.2988812684612,0.492604311987505,42.88965677736919,197.3464285812655,15.93538461538462,34.82587961239536,2.081538461538462,1.327130057559595,8.10315314794473
71A,1.564615384615385,0.8226429099271305,0.3176923076923077,422.9634092468978,0.6914525846132591,4.227335650873402,1.308461538461539,5.958670588479588,190.8400914572741,0.5423813053833078,56.30783529649494,252.4220072481128,1.9035,41.06292675585004,0.2295,1.26629560676272,7.634625132051273
71B,1.62,0.8628485212755485,0.3176923076923077,481.1770849547054,0.7273698318371737,4.465998217892974,1.35,6.314982302919105,221.024451532811,0.5845840020955867,59.44541993318789,273.2002206496295,2.0115,43.87142545803435,0.2295,1.532702795400887,7.507905417124356
71C,1.592307692307692,0.8764098153566144,0.3038461538461539,531.9969959219252,0.767727837614479,2.212,1.336153846153846,6.344414301163414,226.3194080061975,0.5477045456453947,62.08424545350212,290.0383755216836,1.944,45.08896003652015,0.2295,1.0944,7.451177660866044
72 A,0.2295,0.8126146492300967,0.2761538461538461,651.9234097212648,0.7226382164176166,3.486,1.211538461538461,7.822180861970046,231.3994575457019,0.6501031889567465,61.93005511422326,287.4697446827737,0.513,47.32565860758929,0.0675,0.9475668017207429,7.811444548975912
72 B,0.3105000000000001,0.8437793978578032,0.2623076923076923,444.1483071764335,0.7021265884205872,4.229984128392775,1.156153846153846,6.008021459113586,226.0338709505913,0.611801101209203,64.09841822673545,303.5836372566279,0.648,42.37622676037184,0.081,1.078469691506803,7.626841596283117
72 C,0.3105000000000001,0.8040347847911695,0.2692307692307692,444.9382707539324,0.6886225228724232,4.133348165271189,1.190769230769231,5.737812397028972,186.864693523767,0.5749978410913922,60.10495697993606,264.931719856519,0.648,45.54775224021493,0.081,1.045865853735464,7.851317569520726
73 A,5.372307692307692,0.8497761294700114,0.2761538461538461,657.5769230769231,0.7284854032777096,6.560944937548043,1.073076923076923,8.197969084432811,142.7144503612747,0.5404635824046663,46.60596036959532,303.5108,10.80538461538462,47.8584,1.354615384615385,1.616438854486472,7.894545454545455
73 B,8.896153846153846,0.8053700739523748,0.2553846153846153,519.2627349043779,0.6702354710069023,5.857357546323643,1.751538461538461,6.861171417506716,222.4496893654214,0.594638311300899,44.88632496250948,264.4458002157959,17.16769230769231,41.85835180971798,2.289230769230769,1.517800597590881,7.874211713013817
73 C,7.303846153846155,0.7879259308475833,0.2207692307692308,557.2692307692308,0.7017071038075989,5.663136733603099,1.204615384615385,7.176171169437159,155.5406109074216,0.5531315852163214,48.31795708371795,271.7899196651305,14.83461538461538,45.28901963602021,1.915384615384615,1.500906953905803,7.951818181818181
74 A,1.578461538461538,1.0395,0.3038461538461539,1251.758495989374,0.9180000000000001,4.69,1.273846153846154,7.452,263.788,0.6996000000000001,66.861,342.0922,1.8765,52.13639999999999,0.216,1.85913490359208,7.295325463690498
74 B,1.827692307692308,1.0395,0.29,5000.0,0.9315,7.294,1.516153846153846,7.369199999999999,270.41,0.6732,65.3016,290.5036,3.667692307692308,52.92299999999999,0.4546153846153846,1.7952,7.249721128729626
74 C,1.4715,1.0395,0.3246153846153846,1906.489664726209,1.323,4.508,1.190769230769231,7.452,252.392,0.6732,65.3292,418.9425999999999,1.836,62.40359999999999,0.216,2.296089698293946,7.383605880157884
75 A,0.4185,0.789950780054799,0.2830769230769231,420.6891272089572,0.6426452861746257,4.181302659480448,1.35,5.512319760788224,271.1281271673836,0.6826566194330448,57.74379685949049,248.7930077748808,0.9045000000000001,40.65650323349664,0.108,1.110650114697421,7.767929225772204
75 B,0.297,0.9189865323322682,0.29,796.3677138321008,0.802594560897758,3.822,1.142307692307692,9.044662056990369,253.2570877991381,0.5966571159222326,60.48006930689989,409.4427999999999,0.6210000000000001,56.7594,0.081,1.237265480183602,7.614555808416593
75 C,0.3645,0.9407758209381947,0.2276923076923077,983.5351461569592,0.8235089228346727,6.845999999999999,1.786153846153846,9.363659533832974,290.892,0.7392000000000001,78.86296826635373,285.065,0.7695,50.90819999999999,0.09450000000000001,1.685282300988553,7.594850972580637
77 A,6.161538461538461,0.7023119127148555,0.2415384615384615,354.5813302440174,0.600656688736808,4.546750769480343,1.405384615384615,5.795788902512932,169.3640502230886,0.5130738862621489,36.89617644275587,200.729071440508,12.82,33.76292940981009,1.652307692307692,1.229447608672045,8.075948745709974
77 B,8.757692307692308,0.7601530187991647,0.2207692307692308,377.8148181913864,0.6372812407611156,5.138848096339716,1.287692307692308,6.427805871492397,273.392,0.6063800885850006,46.69921035161195,214.4192588511452,17.00846153846154,36.27074035431099,2.254615384615385,1.342630474565458,7.94289414349309
77 C,8.695384615384615,0.834015193156033,0.2138461538461539,543.2880423906324,0.6887156832622304,6.155029657348739,1.273846153846154,8.070294046718276,236.9727223697134,0.5931548060114044,47.65526573380111,292.0625545416075,16.51,42.26963659524861,2.192307692307692,1.582520168385692,7.803263203813589
78 A,2.43,0.7486502896283453,0.3661538461538462,366.85,0.698195447227942,3.697939277246366,1.135384615384615,5.594557675450912,155.8468408112288,0.5466858474735241,43.20456488493114,210.5838220003641,3.162307692307692,42.12878882332901,0.42,1.091605165799152,8.019413560943306
78 B,2.485384615384615,0.6403829859202568,0.3523076923076923,317.55,0.5545100448337266,3.792305900686769,1.557692307692307,5.071057819965326,256.9045868278557,0.5188803345423123,37.59659935852904,155.8296943878629,4.803076923076923,31.70808968744175,0.6692307692307692,1.116684396804835,8.316665475358311
78 C,2.423076923076923,0.7160584330472285,0.3246153846153846,320.45,0.6440667582675905,3.967648680607794,1.481538461538462,5.470950151045963,149.4013810666848,0.4512008367406225,47.48718048988346,171.3285649970977,4.664615384615384,31.79936622225576,0.6069230769230769,1.431794638757478,8.230214330388348
79 A,0.6615,0.7222886394630376,0.2207692307692308,323.35,0.8207380981379999,3.591566137807058,2.16,5.652411128682831,128.590992741798,0.4289114922374674,33.22620021448257,182.4282009142914,1.3905,40.03364610120364,0.1755,1.3952,8.052870650191574
79 B,0.216,0.6691102386555354,0.29,293.2538790630656,0.6004232107435268,2.766551790613108,1.183846153846154,5.892648428761074,210.4389337306687,0.5869058551038611,45.90015892356761,176.8427791511621,0.486,31.87415840152003,0.05400000000000001,0.8768000000000001,8.11971986734431
79 C,0.3105000000000001,0.7284408535311688,0.3384615384615384,316.9748800370007,0.6321623283385817,3.584259306595179,1.329230769230769,4.711115061091675,146.2535670303872,0.5478602438291711,47.19969210823848,237.208417352803,0.648,39.72601183622993,0.081,0.9151537626237283,8.020776540335424
8 A,3.586153846153846,0.7910628162304625,0.3592307692307692,358.984743908459,0.6561118440864994,5.430667295822619,1.315384615384615,7.122532546170013,230.8619311224683,0.5879149841366067,48.67849139571265,211.4050712472211,6.589230769230769,40.86950734931339,0.8976923076923077,1.423702250995192,7.819775315740511
8 B,3.046153846153846,0.911861787722958,0.3453846153846154,684.701496331808,0.995995065637419,7.264734669362683,1.412307692307692,7.52601262218778,247.0756172725479,0.6465527854657069,70.24598218026532,437.1740874279729,3.806153846153846,56.42854403415382,0.4961538461538462,1.826417798345725,7.454940636053545
8 C,2.769230769230769,0.7537262292342416,0.3661538461538462,358.0678574763965,0.6252735644410893,4.858668700604227,1.343076923076923,6.576187232804973,202.8684026817584,0.5544286585933959,43.34649093665626,205.7767828171393,5.280769230769232,39.05654469354618,0.7176923076923077,1.3072717592762,7.859873703795192
80 A,7.379999999999999,0.7297956957422519,0.2969230769230769,395.85,0.6160144110532704,4.913816921060421,1.232307692307692,6.266993509788172,170.9036262797707,0.459517960741346,44.55384067118877,178.1231312792573,14.63384615384615,36.48962836427622,1.86,1.316736800160926,8.207412162907913
80 B,5.226923076923077,0.6874537873159494,0.2761538461538461,294.8329286388776,0.5786726244229602,4.485715871658112,1.419230769230769,5.961708520102963,183.6303811422605,0.4909197179147061,34.77353671105857,192.2301529919537,10.96461538461538,31.44058823858203,1.382307692307692,1.274764738509378,8.12570582392112
80 C,7.276153846153846,0.6640817724409112,0.2830769230769231,434.275,0.577099286542336,4.070113845986574,1.336153846153846,5.352318654602339,156.5506579020259,0.4762587177536884,35.56618083197927,178.4902484999986,15.52,34.80793315763302,1.991538461538461,1.159104049488768,8.270325332296196
81 A,0.4995,0.7587088909601922,0.29,352.8411855916915,0.7039504596872501,4.931848949204905,1.716923076923077,5.98903645817134,292.6574838399337,0.7418465381757359,61.67206649325756,205.3398947251572,1.053,42.61969917849503,0.135,1.853656799101019,7.859873703795192
81 B,0.3780000000000001,0.7699151637272605,0.2207692307692308,361.05,0.5954230295756912,5.008517261775053,1.661538461538462,6.917120295629797,272.6013097045225,0.6122873783958336,61.18435687285951,203.3796729240919,0.7560000000000001,36.41159625240287,0.09450000000000001,1.420640125534758,7.988682430479273
81 C,0.4185,0.6154529498295174,0.2761538461538461,290.0,0.5412462414757455,3.825458948138243,1.453846153846154,5.101850747846326,128.07,0.4649834351751427,41.76050980233668,124.0077333168809,0.9045000000000001,29.81720074089364,0.108,1.512542528383644,8.54945728896761
82 A,0.5805,0.8542335510725945,0.2346153846153846,290.0,0.6090526267771424,3.388,1.523076923076923,7.483409506208766,213.9717341986996,0.4486769980845173,68.40299744037632,185.5213367639952,0.9585,41.83766029937349,0.1215,1.497771376826914,8.119096269978503
82 B,0.648,0.8195018272554196,0.2553846153846153,290.0,0.7331764843762613,6.336707714424183,1.8,7.199165928738623,226.7495559641988,0.5541398409895203,71.06231360756287,174.7962377201613,1.1475,41.70702303800884,0.1485,1.694981200854429,8.117862582581319
82 C,0.4590000000000001,0.6642944364474193,0.2969230769230769,290.0,0.5927313861060074,4.166561057056342,1.758461538461539,5.357506170576236,163.7844869035179,0.518943934149105,48.11620311752009,144.8263021372132,0.972,29.72753239134731,0.1215,1.631467093208015,8.342582213415884
83 A,7.511538461538461,0.6878448268572156,0.2623076923076923,337.85,0.5807587722639425,4.557010377555303,1.578461538461538,6.098531213220611,147.4062371405964,0.4386483259877544,42.69173729630061,157.1320554202369,15.11153846153846,30.1131626583971,1.95,1.301415914859701,8.334849290733548
83 B,7.179230769230768,0.6453637478330723,0.2692307692307692,362.5,0.5607399098421167,3.875537053703554,1.377692307692308,5.154551118345943,146.594580214178,0.435428314824465,32.04590249114967,162.8796445560829,15.22230769230769,29.22081185643094,1.963846153846154,1.124637951480959,8.316665475358311
83 C,5.427692307692308,0.6588600059194114,0.3038461538461539,290.0,0.5604803237267159,4.452864700560951,1.045384615384615,5.5865439323824,257.7707934103768,0.4556,39.18716408092352,148.5155651719681,10.97153846153846,27.47900065120223,1.361538461538462,1.279770036009801,8.458236005192703
84 A,0.3780000000000001,0.7860336642860706,0.3453846153846154,408.175,0.6721580157404418,5.169963111937743,1.633846153846154,7.331026320871227,242.8850064296171,0.6581608425351944,62.47482046095633,192.2083928169261,0.7560000000000001,36.40395355364632,0.09450000000000001,1.392632502146661,8.002192655583993
84 B,0.3375,0.7409943765591308,0.2484615384615385,341.475,0.6186087526873326,4.7381422126983,1.287692307692308,6.6030992369134,192.4043984075337,0.4762019139714506,45.2814876785639,175.5402410877911,0.6885000000000001,36.56265807473237,0.081,1.292264080776123,8.122751081375121
84 C,0.2565,0.7503314362548237,0.2692307692307692,295.9716528581361,0.6415536788071442,3.164,1.391538461538461,7.002327830336171,125.7446968545146,0.4967710359926817,50.38407962578486,232.0969540297259,0.5265000000000001,35.21181809365219,0.0675,0.8704000000000001,7.98582770527732
85 A,5.82923076923077,0.7483858731433886,0.2969230769230769,393.9660345724692,0.6336155956636471,5.060179405913139,1.010769230769231,6.337350217749777,183.6354957097763,0.5279667169281591,41.47439860957892,218.501948887119,11.82307692307692,36.42228379347134,1.513846153846154,1.324101088597667,7.984989567292279
85 B,5.344615384615385,0.7468250813919074,0.2415384615384615,335.1247592957426,0.6201551863222179,5.048853169457193,1.405384615384615,6.580781489425253,177.6566826940362,0.4884174370461993,43.71932117492815,213.9503499440774,10.62538461538461,34.83482931245358,1.361538461538462,1.351659059118826,8.015103880336577
85 C,8.016923076923078,0.7682936189147344,0.2761538461538461,359.672463581205,0.6405631870554923,5.248938967071333,1.613076923076923,6.505638912536386,273.56,0.5993373223983631,47.91566395424373,210.344390060451,15.25,35.31028286772564,2.026153846153846,1.363953669505594,7.940186579911388
86 A,0.324,0.7281366582587465,0.3107692307692308,443.7,0.6746538254083749,3.298252190159001,1.751538461538461,6.76632905900921,154.965308902435,0.5497438016090236,52.74662486449323,245.6494486087719,0.675,32.95301221478187,0.081,0.8640000000000001,8.168584200097758
86 B,0.324,0.6950734827406242,0.2830769230769231,371.2,0.599216978884217,3.877664707623352,1.62,6.064215774852847,238.8522810425038,0.6340578036461235,49.54242751680684,173.0145093643436,0.7020000000000001,32.50971439139358,0.09450000000000001,1.097752570509186,8.13130490310984
86 C,0.486,0.6544931835263664,0.2623076923076923,290.0,0.7907744968387586,3.767656441820411,1.682307692307693,5.77245416936711,123.006,0.4162431535865645,55.45671753853523,198.5282,1.134,30.33236894529063,0.135,1.178531107270099,8.442238958936652
87 A,5.753076923076923,0.6782114518463933,0.2692307692307692,305.8123929894468,0.574844714316877,4.386036749601927,1.190769230769231,5.431722279474052,267.4285823660082,0.5524106508177516,36.76737585572011,194.9172976838521,12.03769230769231,31.78151289344155,1.541538461538462,1.253238038140234,8.145183032265185
87 B,6.999230769230768,0.7079767451693376,0.2830769230769231,334.95,0.5984693503675833,4.689008426100981,1.280769230769231,6.035289987738364,162.62729835128,0.4457413928146753,42.55179907826308,163.6086808776261,13.82384615384615,34.38162357723137,1.763076923076923,1.275990392396211,8.25967445747292
87 C,8.037692307692307,0.6934039998308741,0.2623076923076923,407.45,0.5938988687577413,4.462450926267087,1.509230769230769,5.779404190097671,162.276390774347,0.4650086218715409,39.79336542701305,176.0243903536029,16.09461538461538,35.32421327710773,2.109230769230769,1.232320565964556,8.250637735392894
88 A,1.876153846153846,0.7518433894060684,0.3938461538461538,380.790291928495,0.7394974822109741,2.184,1.017692307692308,4.608507703093161,177.8184973261867,0.5275217351631895,38.99258901767967,267.6843033633122,2.619,37.08491875070529,0.324,1.3376,7.760583758612897
88 B,2.028461538461539,0.7960741819031109,0.3453846153846154,375.8980963054213,0.6631703244809487,4.309108947592853,0.9969230769230769,5.25684351006013,195.4752055563967,0.5149327695819117,45.72593569439876,273.6070386843769,4.013846153846154,42.13541443309084,0.5169230769230768,1.100853063694431,7.725399780308723
88 C,2.637692307692308,0.7617597161903957,0.3453846153846154,378.9670559441907,0.6279940892088525,4.752079850501784,1.460769230769231,6.018950713852833,271.5719999999999,0.6518738735522512,45.81542912712842,211.9946728144558,5.322307692307692,39.68505912407453,0.6969230769230769,1.293030597981099,7.752855408452333
89 A,3.696923076923077,0.8994308063084018,0.3661538461538462,382.075,0.7193851926725154,6.537100563552134,1.294615384615385,8.058536540059844,271.5719999999999,0.5774728790779804,62.09999999999999,214.9939389711393,5.827692307692308,44.3663142468998,0.8353846153846153,1.640456444965124,7.789698949371147
89 B,2.776153846153846,0.7620903133059913,0.3869230769230769,347.275,0.6622941258721464,4.357950949731001,1.336153846153846,5.656775966369161,186.5467065705534,0.4969968408916609,48.49302873154921,259.9900567156043,5.156153846153846,33.15053528497126,0.7107692307692308,1.133786480988507,7.988682430479273
89 C,2.852307692307692,0.8264028134243168,0.38,371.2,0.7072329823907878,5.633230388232547,1.287692307692308,6.614304083889042,271.9639999999999,0.6093530780366407,55.2869775860772,210.0727577814559,5.05923076923077,45.02008741858733,0.7176923076923077,1.50128463351097,7.803263203813589
9 A,0.4185,0.8057679228302034,0.2761538461538461,467.457853963115,0.6684446924810892,5.399861868894527,1.190769230769231,6.691605851761024,273.14,0.6829878454559983,51.93748980713589,242.0408890075839,0.8910000000000001,44.24818259953448,0.108,1.403981494112476,7.732546947184745
9 B,0.5535,0.800794811857346,0.2553846153846153,461.8204868785606,0.6721666225155657,5.249381627712472,1.834615384615384,7.148734319968018,220.2545011451076,0.5865620585526373,47.70631866970287,240.2359862507431,1.1475,44.23281010885187,0.1485,1.361734695446438,7.75549627628543
9 C,0.3375,0.7776854458176571,0.2276923076923077,474.9135354730255,0.617882234844971,5.093076658236694,1.356923076923077,7.387746016860858,290.3073704292409,0.7858625345124302,58.82760182568267,244.3108600954041,0.7425000000000002,39.80472181876486,0.09450000000000001,1.399482629798962,7.822089695007542
90 A,0.7290000000000001,0.7299046406196337,0.373076923076923,343.321342962986,0.6668236696900244,3.231343940704462,1.356923076923077,6.81188396613308,217.6884384566509,0.6328371935120873,56.08282153670044,203.1176364082857,1.4985,33.5091756230681,0.189,0.8704000000000001,8.037325442667408
90 B,1.3905,0.8628133311588558,0.2,470.0360689492621,0.6459965726862759,5.799317645012363,1.308461538461539,7.651951844334808,289.506,0.7387662512725672,47.2926,262.3666474633918,2.673,44.33107364165368,0.351,1.526403543271393,7.596127126616805
90 C,0.2565,0.7043248617955062,0.3315384615384615,305.2634197719183,0.6988423977589057,3.39816927565268,1.266923076923077,4.760209045256151,130.962,0.5780958722360471,43.29941178365559,208.3522212826331,0.54,29.93277330406143,0.0675,0.8768000000000001,8.112721018358412
91 A,8.176153846153845,0.6178731554691135,0.2207692307692308,386.425,0.5356764322230547,3.912260655753703,1.391538461538461,4.988093164783669,151.0523359817047,0.4188993426245882,30.36519056254728,154.4354866075473,16.91153846153846,27.72416844026936,2.22,1.191676820955742,8.481776240756409
91 B,5.614615384615385,0.6767345143968543,0.2553846153846153,329.875,0.5675255852270388,4.507671331416881,1.156153846153846,5.999365610112728,178.3151238712977,0.4529573152470919,46.59889137660362,157.0373229883585,11.58076923076923,29.97567136454386,1.472307692307692,1.312359918673456,8.343541654622188
91 C,5.393076923076923,0.6748466449621581,0.2761538461538461,337.125,0.5783816243474428,4.473654821184059,1.17,5.596509337272035,249.4067792879009,0.4577134308469805,42.52440983984094,165.0149762567501,11.02692307692308,29.2611248472595,1.382307692307692,1.275405887521125,8.354988726368735
92 A,8.293846153846154,0.7314619939557575,0.2346153846153846,323.7658012431384,0.6330739781456409,4.967409728698953,1.481538461538462,6.13139872344698,173.0180907378026,0.4828413677128535,40.44190343854839,195.0917584966421,16.22615384615385,33.71260926931682,2.13,1.352621817649975,8.034470717465455
92 B,7.047692307692307,0.6969409528641693,0.2830769230769231,328.869268125642,0.596320254282866,4.564196983516249,1.232307692307692,5.819918960438598,165.9491717857495,0.5026292496712956,39.3536063108174,193.2170661665368,14.73076923076923,36.79091752740492,1.866923076923077,1.231118133624581,8.12570582392112
92 C,8.072307692307692,0.7459987798764173,0.2207692307692308,351.0163901254552,0.6200992385554622,5.09995533824644,1.225384615384615,6.17700227788256,193.1397254874603,0.4965970809124169,47.03228004966156,218.2912477286015,15.67230769230769,35.32610017603816,2.074615384615385,1.377339169327225,7.988682430479273
93 A,2.748461538461538,0.728501080191918,0.4284615384615384,288.2442479279792,0.6927320066297789,3.816253994037357,1.827692307692308,5.150963351005925,167.5792580057363,0.4452222570324968,50.31696971161267,230.5074749112243,4.920769230769231,38.34687377652093,0.6969230769230769,0.9571631580295596,8.049362317164825
93 B,2.360769230769231,0.71509441461249,0.3661538461538462,311.75,0.6249382887383604,3.576222437914713,1.287692307692308,6.569068135391708,194.7993543784096,0.4312992022471813,44.40217085354289,202.9451806415276,4.498461538461539,35.33461013307368,0.5930769230769231,0.8852985671808633,8.230214330388348
93 C,2.194615384615385,0.7610459600016913,0.3869230769230769,386.425,0.7091922460037438,4.059573247605635,1.294615384615385,5.643948341144895,206.5093369838893,0.5449172702689082,47.86742219054466,214.923956062583,4.346153846153847,33.1893765121149,0.5515384615384615,1.047879263102636,8.0705991580253
94 A,0.2565,0.7756990402097165,0.2830769230769231,363.225,0.6598757322071248,4.789437148534947,1.232307692307692,6.863156393942513,128.7226154194231,0.5357721223084985,41.77318748555154,191.5995280564447,0.513,36.76192850709963,0.0675,1.285263216389458,7.98582770527732
94 B,0.243,0.7849320984187349,0.2830769230769231,388.6,0.6698708957072008,2.884,1.218461538461538,7.304609363966183,214.4084556291658,0.4989234907464036,61.74829682432912,245.173854908002,0.4995,37.2745208546872,0.05400000000000001,0.8704000000000001,7.98582770527732
94 C,0.243,0.7525685097949313,0.2969230769230769,304.344463913262,0.644438693203142,4.935347302338974,1.523076923076923,7.019173100172592,201.5537888673779,0.6422905739865504,56.69697172684828,183.219618965704,0.4995,34.32895788951754,0.0675,1.325706228460065,7.98582770527732
95 A,6.258461538461538,0.7639784887782859,0.2761538461538461,355.1587654891985,0.6266703762263223,5.390124356094748,1.266923076923077,6.422980118945372,277.634,0.6197926072883909,45.38991641988724,226.0528154086644,12.23153846153846,35.93494551512885,1.576153846153846,1.44658284873676,7.979390488103557
95 B,7.947692307692308,0.733442898820346,0.2969230769230769,419.05,0.6197427603731918,4.937244381089294,1.315384615384615,6.288174643778278,173.0181626112371,0.4658686974611658,44.67028395054273,183.3290483988683,15.58230769230769,37.13140997060348,2.012307692307693,1.320809424786593,8.19121276942402
95 C,5.559230769230769,0.6684794562195097,0.29,300.3226608141622,0.5735444037145586,4.191382786593139,1.17,5.428744521020961,251.6043717254093,0.5586681827958982,37.41199631693269,179.4456581318418,12.05846153846154,30.9645459153612,1.5,1.165122797281269,8.158167837827893
96 A,0.1755,0.7522785115237549,0.29,389.448956614679,0.7239464898015938,3.830183133367898,1.073076923076923,5.787320290434008,164.1758323321068,0.5672224306499206,50.87738772931999,289.6708157370275,0.4185,31.68978446608393,0.05400000000000001,1.013142328857246,7.836887584289445
96 B,0.1485,0.7712484884360069,0.2553846153846153,381.35,0.670614739442672,2.926,1.190769230769231,7.119169052521841,249.3465598542701,0.5422555475567544,43.3245417300386,192.2623433789189,0.3105000000000001,37.10649004513587,0.0405,0.8704000000000001,7.965788286986182
96 C,0.3780000000000001,0.8137858018688428,0.2553846153846153,400.925,0.6664083728569293,5.40119860833429,1.433076923076923,7.269327541607848,230.5073761968372,0.5435825176110369,50.68668313632163,212.6581406286484,0.7560000000000001,41.84771408577156,0.09450000000000001,1.429527728159541,7.853978566961163
97 A,7.69153846153846,0.7669425394275086,0.2415384615384615,478.5,0.6503818261988319,5.182609744912396,1.156153846153846,7.140702519599375,211.0754122576953,0.5651569147104892,48.73999937225687,206.9409348866961,14.87615384615385,35.02727987039372,1.936153846153846,1.416810939483888,8.077109956009187
97 B,6.383076923076923,0.7050927233520782,0.2346153846153846,391.5,0.5997028827786148,4.586498759200294,1.190769230769231,5.715585436102226,163.6165474044961,0.4399841494574087,39.28360402981232,190.5504048760073,13.04846153846154,32.01519740851305,1.673076923076923,1.302019284060741,8.193172436628528
97 C,7.269230769230768,0.6589310831516232,0.2761538461538461,310.2041787296745,0.5692954635245042,4.093499882215788,1.253076923076923,5.320241709300519,155.1117870752701,0.4945466368741618,32.90562965497002,181.5429551352907,15.45076923076923,30.92405899463703,1.991538461538461,1.145364519394369,8.177645046171959
98 A,3.496153846153847,0.7435893594477405,0.3523076923076923,359.6219968484234,0.6509183412241862,4.93100310040071,1.474615384615385,5.297509413195445,177.7328534764683,0.5585480274807548,41.5308850032608,224.5003760003263,6.52,41.29040483771226,0.9253846153846154,1.84210850117595,7.868245886044348
98 B,2.720769230769231,0.7454632140793402,0.4076923076923077,359.690009235335,0.6421259443884849,3.314014195746046,1.287692307692308,5.969666691278293,256.732,0.5711299520009099,44.79614271821789,204.3542817613001,5.35,39.64284235304329,0.7176923076923077,0.8512000000000001,7.822089695007542
98 C,2.79,0.751042748500111,0.38,337.85,0.6562852301669292,4.746379047699584,1.322307692307692,5.431407543589398,176.6045091060766,0.5176775946788422,43.51428675452069,208.6452899381716,5.626923076923077,40.25683850323557,0.7246153846153847,1.312171810286091,7.997790420829676
99 A,0.297,0.7954238520066603,0.2969230769230769,432.8637536077844,0.6677872935145053,5.449265644064776,1.135384615384615,6.917954195451225,216.3391061418794,0.570707382473041,47.98084647583611,232.7239809767719,0.6345,43.37012666353907,0.081,1.416744880462651,7.805529282534542
99 B,0.945,0.8175824952984735,0.2623076923076923,473.7865044034612,0.6648556471932557,5.258231718208402,1.723846153846154,7.38382988835187,220.8448206342443,0.5695670884430637,61.38764014261497,241.1005090818479,1.9845,40.25841676642145,0.243,1.379829528761895,7.709597618084061
99 C,0.7965,0.7331753964162049,0.2415384615384615,343.2711904984264,0.6061619279499797,4.603134634794062,2.090769230769231,6.673376568356296,168.4790919737015,0.5111438216605175,52.25851455170342,197.8640576101717,1.674,33.51029080865606,0.216,1.247205979819654,7.997790420829676
Bhadra 12,7.205384615384616,0.7369991284461047,0.26,460.375,0.6055670486402104,4.899421384010742,1.077692307692308,5.884156692030444,160.8493942722233,0.4939073138247312,38.52517906837812,208.6385427502001,15.17230769230769,32.38881960350059,1.918461538461539,1.357638333408532,8.13916564706933
Khumbhan 1,9.649230769230769,0.7558582963386511,0.2323076923076923,529.3410561860115,0.6176697186205747,5.326261203191292,1.416923076923077,6.736970596232214,196.6377457733154,0.5317430100144955,38.99470647821845,225.7947476255989,19.07,33.42046358084171,2.472307692307693,1.481796199972354,8.021254477345128
Khumbhan 10,8.133076923076922,0.7807940317313394,0.2461538461538461,660.8002417789957,0.6343402126651297,5.366196112053977,1.32,6.279962774745385,179.4905579342173,0.6006424946277953,38.21268773195535,248.7825485265542,16.81307692307692,35.9255376914782,2.153846153846154,1.427928688027568,7.876809658707674
Khumbhan 11,9.856923076923078,0.8487754379071046,0.2669230769230769,937.2899389215585,0.6790248695952106,6.152114035179022,1.444615384615385,7.01140979524278,222.6428530703923,0.6078659683845054,44.80178684988906,291.1720397740012,19.51307692307692,40.49168036530405,2.527692307692308,1.8904,7.70528149848263
Khumbhan 2,6.547692307692308,0.8220633507442229,0.2669230769230769,896.8484822804938,0.6632158320972289,5.924935070277525,1.008461538461538,6.779513964795147,276.752,0.8712000000000001,55.13834095570595,263.7816642761451,13.64230769230769,39.36598813658203,1.703846153846154,1.898096444086137,7.800064889469987
Khumbhan 3,7.752307692307691,0.7074215311040044,0.2876923076923077,340.75,0.5846628700910017,4.531645322161518,1.264615384615385,5.519081480671208,267.526,0.5676095416895656,37.98743263844509,199.4534271583453,16.76461538461538,30.48745402758346,2.112307692307692,1.283646784485713,8.199428619853547
Khumbhan 4,7.433846153846154,0.8131919823458192,0.3153846153846154,1045.381318450724,0.6744633725317694,5.565049787562412,1.264615384615385,6.694757560431116,197.9479062168963,0.6996000000000001,42.25362195489586,276.2079422483654,16.25923076923077,40.2649668386717,2.029230769230769,0.8448000000000001,7.777245829398803
Khumbhan 5,8.043076923076923,0.7947232299935836,0.2184615384615385,618.5718445739147,0.6348606839519441,5.584262817062045,1.070769230769231,6.470836417349536,216.8621442350084,0.7392000000000001,41.01609349838052,231.133962765139,16.17615384615385,35.54027606472793,2.077692307692308,1.841046289528079,7.849744995325731
Khumbhan 6,10.11307692307692,0.7582082703600131,0.26,459.3732502818361,0.6138615448407295,5.242678688474968,1.506923076923077,6.175612368362706,187.3821351655315,0.5282785506625938,40.50686895572786,215.051958409184,20.01153846153846,32.58434038462318,2.59,1.398141319038737,7.974747631971427
Khumbhan 7,8.250769230769231,0.804261561542015,0.2530769230769231,726.6570597630746,0.6558611577139337,5.526912351104988,1.285384615384615,6.547858865022624,186.6419262534517,0.4454096154557294,43.42620666168182,258.4019920665443,16.85461538461538,36.88405949511147,2.181538461538462,1.448665830335287,7.780366913539717
Khumbhan 8,7.786923076923078,0.7184938133035189,0.2184615384615385,437.3877403477534,0.5847607638717124,4.930461419879973,1.174615384615385,5.846125932434298,177.3690679615135,0.7260000000000001,47.66173641933867,192.4577000652093,16.23153846153846,31.74943135511162,2.077692307692308,1.719434455230904,8.115951542948709
Khumbhan 9,7.565384615384616,0.698249878626526,0.2669230769230769,534.3249999999999,0.5841730600556811,4.56311023611196,1.326923076923077,5.54482456243104,170.7295403587421,0.4919795078127385,33.49818459506209,203.8862975038545,16.33538461538461,31.10530795655106,2.063846153846153,1.288271264562827,8.271644097168178
